scenario,generator,fit_family,n,L_eta,L_alpha,reps,bias_betaSel_1,rmse_betaSel_1,bias_betaSel_2,rmse_betaSel_2,bias_betaSel_3,rmse_betaSel_3,bias_betaOut_1,rmse_betaOut_1,bias_betaOut_2,rmse_betaOut_2,bias_betaOut_3,rmse_betaOut_3,bias_sigmaY,rmse_sigmaY,bias_rho,rmse_rho,bias_etaS,rmse_etaS,bias_etaY,rmse_etaY,bias_alpha,rmse_alpha,bias_nu,rmse_nu,mean_PE_theo,mean_acc_emp,mean_sel_rate,conv_rate,time_sec_avg,source_path,source_dir,source_file,kind
esn_r000_eSm03_eYp03_a04_selHIGH,ESN,ESN,1500,1.5,1.5,200,0.26737300983587,0.866193515102875,-0.0066686496675019,0.0225370680799457,-0.0230735352182241,0.120395001707635,-2.16267447755593,5.13969222226374,-0.0372194336658942,0.441004069791348,0.00602124334633803,0.30413661886501,,,,,,,,,,,,,0.643649071670911,0.644349778979417,0.03569,1,3586.59244,/home/cecilia/Desktop/results_grid/esn_r000_eSm03_eYp03_a04_selHIGH/summary.csv,/home/cecilia/Desktop/results_grid/esn_r000_eSm03_eYp03_a04_selHIGH,summary.csv,scenario
esn_r000_eSm03_eYp03_a04_selMID,ESN,ESN,1500,1.5,1.5,1,-0.25350147619047,0.25350147619047,0.0166830684238535,0.0166830684238535,-0.102889475198785,0.102889475198785,-3.90328970437092,3.90328970437092,-0.13212586743819,0.13212586743819,0.073742419635524,0.073742419635524,,,,,,,,,,,,,0.643649071670911,0.63911376224968,0.0893333333333333,1,433.805,/home/cecilia/Desktop/results_grid/esn_r000_eSm03_eYp03_a04_selMID/summary.csv,/home/cecilia/Desktop/results_grid/esn_r000_eSm03_eYp03_a04_selMID,summary.csv,scenario
esn_r000_eSm06_eYp06_a04_selHIGH,ESN,ESN,1500,1.5,1.5,200,-0.0827266720845707,0.835080641870501,-0.00373133035839916,0.0243921305183654,0.032494310348623,0.367754227873102,-0.796863890119853,6.58083518989863,-0.0108713995839245,0.557078733537844,0.00267965278156919,0.384776592700694,,,,,,,,,,,,,0.619815834972399,0.620619067220205,0.02205,1,2995.287515,/home/cecilia/Desktop/results_grid/esn_r000_eSm06_eYp06_a04_selHIGH/summary.csv,/home/cecilia/Desktop/results_grid/esn_r000_eSm06_eYp06_a04_selHIGH,summary.csv,scenario
esn_r000_eSm06_eYp06_a04_selLOW,ESN,ESN,1500,1.5,1.5,200,-0.348644393472878,0.83483075596496,-0.00226454863741617,0.0125777847255755,-0.0130482444376287,0.0793377964678939,-0.98837789001319,2.4593090981451,-0.000294337408790253,0.168938813587925,0.00536462558218389,0.127268586616204,,,,,,,,,,,,,0.619815834972399,0.620619067220205,0.171426666666667,1,2153.115515,/home/cecilia/Desktop/results_grid/esn_r000_eSm06_eYp06_a04_selLOW/summary.csv,/home/cecilia/Desktop/results_grid/esn_r000_eSm06_eYp06_a04_selLOW,summary.csv,scenario
esn_r000_eSm06_eYp06_a04_selMID,ESN,ESN,1500,1.5,1.5,200,-0.157575577445459,0.818933664900556,-0.00252228426326211,0.0165883417707656,-0.00855409231855947,0.0924798092228055,-0.983148942729754,2.99327102090728,-0.0125523462541978,0.271933875882195,-0.0111183042406358,0.201272834126279,,,,,,,,,,,,,0.619815834972399,0.620619067220205,0.06921,1,2284.12112,/home/cecilia/Desktop/results_grid/esn_r000_eSm06_eYp06_a04_selMID/summary.csv,/home/cecilia/Desktop/results_grid/esn_r000_eSm06_eYp06_a04_selMID,summary.csv,scenario
esn_r000_eSm10_eYp10_a04_selHIGH,ESN,ESN,1500,1.5,1.5,200,-0.298024556684646,0.710095806055019,-0.00192540840124095,0.0293405932656753,0.0171773569603625,0.157037383279529,-1.55580068242845,7.48631449626563,-0.0197267081150713,0.674120545918345,-0.0117825084331911,0.478471446580607,,,,,,,,,,,,,0.591319334307412,0.591870727404061,0.0129533333333333,1,2681.600995,/home/cecilia/Desktop/results_grid/esn_r000_eSm10_eYp10_a04_selHIGH/summary.csv,/home/cecilia/Desktop/results_grid/esn_r000_eSm10_eYp10_a04_selHIGH,summary.csv,scenario
esn_r000_eSm10_eYp10_a04_selLOW,ESN,ESN,1500,1.5,1.5,200,-0.503124992773078,0.863534529943296,0.00121032555849984,0.0137874921947629,0.00626688947769047,0.0788341565340217,-1.16169976437931,2.31796611239661,0.00164966379779154,0.170337014231492,-0.00695480048569302,0.126255806070263,,,,,,,,,,,,,0.591319334307412,0.591870727404061,0.134803333333333,1,2182.027445,/home/cecilia/Desktop/results_grid/esn_r000_eSm10_eYp10_a04_selLOW/summary.csv,/home/cecilia/Desktop/results_grid/esn_r000_eSm10_eYp10_a04_selLOW,summary.csv,scenario
esn_r000_eSm10_eYp10_a04_selMID,ESN,ESN,1500,1.5,1.5,200,-0.516475907324748,0.840793974812547,0.000423832568996305,0.0175464844122359,0.0184273054445613,0.101288365844505,-0.795665058061037,3.3714642935635,0.00880007077249553,0.298669008234462,-0.0091179569848998,0.223089232256261,,,,,,,,,,,,,0.591319334307412,0.591870727404061,0.0478366666666667,1,2288.16274,/home/cecilia/Desktop/results_grid/esn_r000_eSm10_eYp10_a04_selMID/summary.csv,/home/cecilia/Desktop/results_grid/esn_r000_eSm10_eYp10_a04_selMID,summary.csv,scenario
esn_r000_eSp03_eYm03_a04_selHIGH,ESN,ESN,1500,1.5,1.5,200,0.0822967773056188,0.610360849353066,-0.00331897708591532,0.0168043925507401,-0.0343321159715536,0.109957672896902,-0.799083616348733,4.37339213146924,-0.000292330524779681,0.275338498534381,0.00674776152421728,0.206203939757227,,,,,,,,,,,,,0.643649071670911,0.643678156623097,0.0704166666666667,1,2111.49347,/home/cecilia/Desktop/results_grid/esn_r000_eSp03_eYm03_a04_selHIGH/summary.csv,/home/cecilia/Desktop/results_grid/esn_r000_eSp03_eYm03_a04_selHIGH,summary.csv,scenario
esn_r000_eSp03_eYm03_a04_selLOW,ESN,ESN,1500,1.5,1.5,200,-0.29980642284913,0.657104051719083,-0.00520684766835307,0.0129910995521681,-0.027439319647674,0.0655157465329475,-1.59331709657806,2.39610351238925,0.00644982963919911,0.133500271936044,0.00121010435328873,0.0972668392039962,,,,,,,,,,,,,0.643649071670911,0.643678156623097,0.31923,1,1910.56385,/home/cecilia/Desktop/results_grid/esn_r000_eSp03_eYm03_a04_selLOW/summary.csv,/home/cecilia/Desktop/results_grid/esn_r000_eSp03_eYm03_a04_selLOW,summary.csv,scenario
esn_r000_eSp03_eYm03_a04_selMID,ESN,ESN,1500,1.5,1.5,200,-0.154028949659194,0.561921952568732,-0.00444093907658841,0.0129312854317872,-0.0335012285781538,0.0783125076260775,-1.2954596590076,2.99585682937414,-0.0050130621983885,0.181251451815254,-0.0062170035912313,0.132713673543,,,,,,,,,,,,,0.643649071670911,0.643678156623097,0.166013333333333,1,1989.799765,/home/cecilia/Desktop/results_grid/esn_r000_eSp03_eYm03_a04_selMID/summary.csv,/home/cecilia/Desktop/results_grid/esn_r000_eSp03_eYm03_a04_selMID,summary.csv,scenario
esn_r000_eSp06_eYm06_a04_selHIGH,ESN,ESN,1500,1.5,1.5,200,-0.0603336143712672,0.404071643522867,-0.00190155236739319,0.0147836614836037,-0.00743292054829022,0.0932481520272918,-0.722240065975627,4.39236383064937,0.00405518642088567,0.286210299967682,0.00812390616270048,0.18840545601339,,,,,,,,,,,,,0.619815834972399,0.619823794845494,0.08023,1,2129.46937,/home/cecilia/Desktop/results_grid/esn_r000_eSp06_eYm06_a04_selHIGH/summary.csv,/home/cecilia/Desktop/results_grid/esn_r000_eSp06_eYm06_a04_selHIGH,summary.csv,scenario
esn_r000_eSp06_eYm06_a04_selLOW,ESN,ESN,1500,1.5,1.5,200,-0.443735064621784,0.606427876758068,-0.00472916186253393,0.0114188097159998,-0.0308684720105079,0.067477082850694,-1.26259309065283,2.19055391876028,-0.00517279423187875,0.125844840616554,-0.00503770133320956,0.0852092524356946,,,,,,,,,,,,,0.619815834972399,0.619823794845494,0.35753,1,1800.81979,/home/cecilia/Desktop/results_grid/esn_r000_eSp06_eYm06_a04_selLOW/summary.csv,/home/cecilia/Desktop/results_grid/esn_r000_eSp06_eYm06_a04_selLOW,summary.csv,scenario
esn_r000_eSp06_eYm06_a04_selMID,ESN,ESN,1500,1.5,1.5,200,-0.257648672027499,0.486365457306984,-0.00482818136712471,0.0113918985969109,-0.0300966230026183,0.0734790845240247,-1.06361733195152,2.98091082074546,-0.00443909352183305,0.174294030267466,0.000586502593363666,0.120850563485602,,,,,,,,,,,,,0.619815834972399,0.619823794845494,0.187473333333333,1,1846.382685,/home/cecilia/Desktop/results_grid/esn_r000_eSp06_eYm06_a04_selMID/summary.csv,/home/cecilia/Desktop/results_grid/esn_r000_eSp06_eYm06_a04_selMID,summary.csv,scenario
esn_r000_eSp10_eYm10_a04_selHIGH,ESN,ESN,1500,1.5,1.5,200,-0.0251319408188325,0.332827608970017,-0.000154738610349961,0.0141809919908203,-0.0140506145004208,0.0882743336744493,0.085748977511741,4.05733828961823,0.00974847403704938,0.234459202698232,-0.00997936862428828,0.184324028362504,,,,,,,,,,,,,0.591319334307412,0.591726079463743,0.0876433333333333,1,4481.95811,/home/cecilia/Desktop/results_grid/esn_r000_eSp10_eYm10_a04_selHIGH/summary.csv,/home/cecilia/Desktop/results_grid/esn_r000_eSp10_eYm10_a04_selHIGH,summary.csv,scenario
esn_r000_eSp10_eYm10_a04_selLOW,ESN,ESN,1500,1.5,1.5,200,-0.386209379686258,0.53324499800826,-0.00556267730673636,0.0102041823885347,-0.0368907523687343,0.0644246388757188,-0.134978088673851,2.0224861228849,0.00686192844591505,0.101239346318419,0.000820700006905498,0.0839172795031546,,,,,,,,,,,,,0.591319334307412,0.591726079463743,0.38988,1,3133.77125,/home/cecilia/Desktop/results_grid/esn_r000_eSp10_eYm10_a04_selLOW/summary.csv,/home/cecilia/Desktop/results_grid/esn_r000_eSp10_eYm10_a04_selLOW,summary.csv,scenario
esn_r000_eSp10_eYm10_a04_selMID,ESN,ESN,1500,1.5,1.5,200,-0.163429671081847,0.323329057241106,-0.00282916049423205,0.00954960640418355,-0.0278529616119535,0.0717724846397211,-0.115301527232733,2.67310603002009,-0.00266069402967461,0.152737810553456,-0.00439058949946283,0.118415449014547,,,,,,,,,,,,,0.591319334307412,0.591726079463743,0.205816666666667,1,3417.27625,/home/cecilia/Desktop/results_grid/esn_r000_eSp10_eYm10_a04_selMID/summary.csv,/home/cecilia/Desktop/results_grid/esn_r000_eSp10_eYm10_a04_selMID,summary.csv,scenario
esn_r030_eSm03_eYp03_a04_selHIGH,ESN,ESN,1500,1.5,1.5,200,-0.00513247267474963,0.792994103519949,-0.00610094944563397,0.0191923797165047,-0.0176275586553719,0.115052357667733,-1.44527261334478,4.69083215437748,0.0151964275852955,0.397720464059503,0.0111477660747432,0.278331480386161,,,,,,,,,,,,,0.643649071670911,0.644180430646499,0.0359066666666667,1,4504.10831,/home/cecilia/Desktop/results_grid/esn_r030_eSm03_eYp03_a04_selHIGH/summary.csv,/home/cecilia/Desktop/results_grid/esn_r030_eSm03_eYp03_a04_selHIGH,summary.csv,scenario
esn_r030_eSm03_eYp03_a04_selLOW,ESN,ESN,1500,1.5,1.5,200,-0.424648689160324,0.818842265260013,-0.00561567932499202,0.0118064439213526,-0.0212457218165005,0.0714645537813204,-1.36569601731037,2.37865389778013,0.0149969737517558,0.157106230160384,0.000813941680920542,0.120556696258964,,,,,,,,,,,,,0.643649071670911,0.644180430646499,0.213926666666667,1,2778.04189,/home/cecilia/Desktop/results_grid/esn_r030_eSm03_eYp03_a04_selLOW/summary.csv,/home/cecilia/Desktop/results_grid/esn_r030_eSm03_eYp03_a04_selLOW,summary.csv,scenario
esn_r030_eSm03_eYp03_a04_selMID,ESN,ESN,1500,1.5,1.5,200,-0.232188770347218,0.74114044739635,-0.00404476131243734,0.0136510054140003,-0.0150042409170754,0.0786656493036604,-1.24604419473044,3.17676843850904,0.0245279135103605,0.220384230943084,0.00656749160294591,0.16470254601865,,,,,,,,,,,,,0.643649071670911,0.644180430646499,0.0974033333333333,1,4979.822805,/home/cecilia/Desktop/results_grid/esn_r030_eSm03_eYp03_a04_selMID/summary.csv,/home/cecilia/Desktop/results_grid/esn_r030_eSm03_eYp03_a04_selMID,summary.csv,scenario
esn_r030_eSm06_eYp06_a04_selHIGH,ESN,ESN,1500,1.5,1.5,200,-0.278064993566396,0.795813861419392,-0.00307729369907557,0.0230781612771226,-0.00463693193855661,0.149653127918674,-0.635955177147971,6.10765897212695,-0.0282393973492621,0.504926123438044,-0.0149571153980792,0.360129682807226,,,,,,,,,,,,,0.619815834972399,0.620291277456143,0.0219933333333333,1,4822.197555,/home/cecilia/Desktop/results_grid/esn_r030_eSm06_eYp06_a04_selHIGH/summary.csv,/home/cecilia/Desktop/results_grid/esn_r030_eSm06_eYp06_a04_selHIGH,summary.csv,scenario
esn_r030_eSm06_eYp06_a04_selLOW,ESN,ESN,1500,1.5,1.5,200,-0.582110494059203,0.880355399596267,-0.00209859185014724,0.0127982921723127,-0.00618987317194143,0.0692420084333589,-1.28358529118714,2.41754406270919,0.00517062811237688,0.177953800703233,-0.00901821085794677,0.119554208173025,,,,,,,,,,,,,0.619815834972399,0.620291277456143,0.171073333333333,1,3924.17154,/home/cecilia/Desktop/results_grid/esn_r030_eSm06_eYp06_a04_selLOW/summary.csv,/home/cecilia/Desktop/results_grid/esn_r030_eSm06_eYp06_a04_selLOW,summary.csv,scenario
esn_r030_eSm06_eYp06_a04_selMID,ESN,ESN,1500,1.5,1.5,200,-0.488459002172679,0.784320046979338,0.00057639892872318,0.0163607579339676,-0.00709613027597174,0.0867190061778982,-1.03130656499211,3.04230334734997,-0.0200017136487111,0.299729938830216,-0.00187776923139819,0.190667935872685,,,,,,,,,,,,,0.619815834972399,0.620291277456143,0.0690166666666667,1,2688.03782,/home/cecilia/Desktop/results_grid/esn_r030_eSm06_eYp06_a04_selMID/summary.csv,/home/cecilia/Desktop/results_grid/esn_r030_eSm06_eYp06_a04_selMID,summary.csv,scenario
esn_r030_eSm10_eYp10_a04_selHIGH,ESN,ESN,1500,1.5,1.5,200,-0.516456717641839,0.819353957402985,0.00252118862552467,0.0266165002308719,0.0430786767337623,0.209163736593941,-1.24196291614947,6.70409822143366,-0.0735050664564133,0.705477916647599,0.0186077229764174,0.519812377157923,,,,,,,,,,,,,0.591319334307412,0.592170264821575,0.0126666666666667,1,3815.130225,/home/cecilia/Desktop/results_grid/esn_r030_eSm10_eYp10_a04_selHIGH/summary.csv,/home/cecilia/Desktop/results_grid/esn_r030_eSm10_eYp10_a04_selHIGH,summary.csv,scenario
esn_r030_eSm10_eYp10_a04_selLOW,ESN,ESN,1500,1.5,1.5,200,-0.782791952079412,0.947326918943344,0.000628959176052716,0.0120612298412595,0.0115432593628127,0.0773809588885613,-1.18282601496113,2.24933454684016,0.00313318224407861,0.17234795773844,0.0103589166164751,0.131383615151215,,,,,,,,,,,,,0.591319334307412,0.592170264821575,0.13479,1,3019.619965,/home/cecilia/Desktop/results_grid/esn_r030_eSm10_eYp10_a04_selLOW/summary.csv,/home/cecilia/Desktop/results_grid/esn_r030_eSm10_eYp10_a04_selLOW,summary.csv,scenario
esn_r030_eSm10_eYp10_a04_selMID,ESN,ESN,1500,1.5,1.5,200,-0.681410145062414,0.891453012971341,0.00199554898877802,0.0174036215803625,0.0182615150103466,0.110591279371275,-0.795356298197887,3.49791662069364,0.0108913821896796,0.270066329705712,0.00578420893529034,0.207553894087969,,,,,,,,,,,,,0.591319334307412,0.592170264821575,0.0479033333333333,1,3470.169495,/home/cecilia/Desktop/results_grid/esn_r030_eSm10_eYp10_a04_selMID/summary.csv,/home/cecilia/Desktop/results_grid/esn_r030_eSm10_eYp10_a04_selMID,summary.csv,scenario
esn_r030_eSp03_eYm03_a04_selHIGH,ESN,ESN,1500,1.5,1.5,200,-0.0922401797226546,0.484427963987351,-0.00521683604846419,0.0168347125182481,-0.0323245681450259,0.105780758602591,-0.286721737973155,4.81879229114328,-0.0309877676824203,0.273525680717951,-0.0114317135196068,0.2176101610792,,,,,,,,,,,,,0.643649071670911,0.643535019931929,0.0703133333333333,1,4517.51213,/home/cecilia/Desktop/results_grid/esn_r030_eSp03_eYm03_a04_selHIGH/summary.csv,/home/cecilia/Desktop/results_grid/esn_r030_eSp03_eYm03_a04_selHIGH,summary.csv,scenario
esn_r030_eSp03_eYm03_a04_selLOW,ESN,ESN,1500,1.5,1.5,200,-0.360397227546114,0.641571813823584,-0.00468173355110385,0.0113520054831266,-0.0274128427201181,0.0676974792946726,-1.58632009114579,2.34728135179142,-0.0120821309783079,0.119534044280901,0.000863260539801147,0.0854659477201779,,,,,,,,,,,,,0.643649071670911,0.643535019931929,0.318876666666667,1,3042.00248,/home/cecilia/Desktop/results_grid/esn_r030_eSp03_eYm03_a04_selLOW/summary.csv,/home/cecilia/Desktop/results_grid/esn_r030_eSp03_eYm03_a04_selLOW,summary.csv,scenario
esn_r030_eSp03_eYm03_a04_selMID,ESN,ESN,1500,1.5,1.5,200,-0.282448270699069,0.560935455869131,-0.00579800522127739,0.0129419523860567,-0.0302408860199691,0.0797427676950197,-0.877643650454779,2.87650959605434,-0.0166671136431276,0.17067695253564,-0.00825157875920838,0.129275045913013,,,,,,,,,,,,,0.643649071670911,0.643535019931929,0.166066666666667,1,2996.76675,/home/cecilia/Desktop/results_grid/esn_r030_eSp03_eYm03_a04_selMID/summary.csv,/home/cecilia/Desktop/results_grid/esn_r030_eSp03_eYm03_a04_selMID,summary.csv,scenario
esn_r030_eSp06_eYm06_a04_selHIGH,ESN,ESN,1500,1.5,1.5,200,-0.197707446257869,0.410492659985858,-0.00321788536033547,0.0143437364944885,-0.0142421206360579,0.0867695327700228,-0.219306854300455,4.1400827559157,0.011508156634672,0.265401093121748,-0.00519151793686532,0.195073936809733,,,,,,,,,,,,,0.619815834972399,0.619638053396546,0.0799333333333333,1,3354.6729,/home/cecilia/Desktop/results_grid/esn_r030_eSp06_eYm06_a04_selHIGH/summary.csv,/home/cecilia/Desktop/results_grid/esn_r030_eSp06_eYm06_a04_selHIGH,summary.csv,scenario
esn_r030_eSp06_eYm06_a04_selLOW,ESN,ESN,1500,1.5,1.5,200,-0.383888261664423,0.608723290811719,-0.00449981816855302,0.0109341944988758,-0.0174322762948113,0.0659705977944015,-1.61581405513796,2.33040464983159,-0.000402515766266045,0.122482525967486,0.00628175974843147,0.0924127670571576,,,,,,,,,,,,,0.619815834972399,0.619638053396546,0.35713,1,3127.69221,/home/cecilia/Desktop/results_grid/esn_r030_eSp06_eYm06_a04_selLOW/summary.csv,/home/cecilia/Desktop/results_grid/esn_r030_eSp06_eYm06_a04_selLOW,summary.csv,scenario
esn_r030_eSp06_eYm06_a04_selMID,ESN,ESN,1500,1.5,1.5,200,-0.329426268443575,0.530643003293669,-0.00462182565718783,0.0111716884302537,-0.0264418363795125,0.0685335000907413,-0.839083498669945,2.7256816621287,-0.0026524147334691,0.158721435748016,0.00339521478167663,0.134146987828002,,,,,,,,,,,,,0.619815834972399,0.619638053396546,0.187576666666667,1,4005.756435,/home/cecilia/Desktop/results_grid/esn_r030_eSp06_eYm06_a04_selMID/summary.csv,/home/cecilia/Desktop/results_grid/esn_r030_eSp06_eYm06_a04_selMID,summary.csv,scenario
esn_r030_eSp10_eYm10_a04_selHIGH,ESN,ESN,1500,1.5,1.5,200,-0.180910165421863,0.327859459668488,-0.00232036014887812,0.0143380893070666,-0.0116339124618948,0.0819664476862942,0.537474970781136,3.62035980911767,-0.0126174294433565,0.251982868147367,-0.00130954083107898,0.179771450621745,,,,,,,,,,,,,0.591319334307412,0.591423123692809,0.0875366666666667,1,2025.09603,/home/cecilia/Desktop/results_grid/esn_r030_eSp10_eYm10_a04_selHIGH/summary.csv,/home/cecilia/Desktop/results_grid/esn_r030_eSp10_eYm10_a04_selHIGH,summary.csv,scenario
esn_r030_eSp10_eYm10_a04_selLOW,ESN,ESN,1500,1.5,1.5,200,-0.437842355487283,0.572683283618387,-0.00557075643894996,0.0101737887736609,-0.0340471233041587,0.0646005961670121,-0.418318544027369,2.02552090284409,-0.0131099555034375,0.113355521938074,0.00111416500796176,0.0768618799133523,,,,,,,,,,,,,0.591319334307412,0.591423123692809,0.389363333333333,1,1765.540855,/home/cecilia/Desktop/results_grid/esn_r030_eSp10_eYm10_a04_selLOW/summary.csv,/home/cecilia/Desktop/results_grid/esn_r030_eSp10_eYm10_a04_selLOW,summary.csv,scenario
esn_r030_eSp10_eYm10_a04_selMID,ESN,ESN,1500,1.5,1.5,200,-0.337910611964338,0.4415522110864,-0.00403381420536733,0.0104103227171979,-0.0291865382405995,0.0643139180005748,-0.352574993619413,2.27636821886776,-0.0206029878563961,0.151691636245894,-0.00736948311482709,0.109268878845525,,,,,,,,,,,,,0.591319334307412,0.591423123692809,0.205623333333333,1,1741.77884,/home/cecilia/Desktop/results_grid/esn_r030_eSp10_eYm10_a04_selMID/summary.csv,/home/cecilia/Desktop/results_grid/esn_r030_eSp10_eYm10_a04_selMID,summary.csv,scenario
esn_r070_eSm03_eYp03_a04_selHIGH,ESN,ESN,1500,1.5,1.5,200,-0.461094756121015,0.646945193122532,-0.00482606838697222,0.0183716548706889,-0.0109978065667781,0.111516085334771,-0.68244124927671,4.16579930277779,0.0338196692660893,0.327827562462332,0.0059224485577836,0.231843551157114,,,,,,,,,,,,,0.643649071670911,0.644118538687176,0.0359233333333333,1,3285.89061,/home/cecilia/Desktop/results_grid/esn_r070_eSm03_eYp03_a04_selHIGH/summary.csv,/home/cecilia/Desktop/results_grid/esn_r070_eSm03_eYp03_a04_selHIGH,summary.csv,scenario
esn_r070_eSm03_eYp03_a04_selLOW,ESN,ESN,1500,1.5,1.5,200,-0.676706384306351,0.844422156111376,-0.00456212227947705,0.0109990893570391,-0.0307617328103629,0.0652581140564476,-1.40168459178763,2.4879997375132,0.00900548764566035,0.122774080963767,0.000240040475321168,0.0895732674961088,,,,,,,,,,,,,0.643649071670911,0.644118538687176,0.21455,1,2109.2756,/home/cecilia/Desktop/results_grid/esn_r070_eSm03_eYp03_a04_selLOW/summary.csv,/home/cecilia/Desktop/results_grid/esn_r070_eSm03_eYp03_a04_selLOW,summary.csv,scenario
esn_r070_eSm03_eYp03_a04_selMID,ESN,ESN,1500,1.5,1.5,200,-0.609649265424904,0.761122796194282,-0.00329177495376461,0.013351439393397,-0.0196375120424802,0.0779497423859073,-0.842205502668683,2.6986293701035,0.00733552154603169,0.198007576968166,-0.00119435138437157,0.132179774382892,,,,,,,,,,,,,0.643649071670911,0.644118538687176,0.09728,1,3001.545955,/home/cecilia/Desktop/results_grid/esn_r070_eSm03_eYp03_a04_selMID/summary.csv,/home/cecilia/Desktop/results_grid/esn_r070_eSm03_eYp03_a04_selMID,summary.csv,scenario
esn_r070_eSm06_eYp06_a04_selHIGH,ESN,ESN,1500,1.5,1.5,200,-0.602262042733443,0.748793304368309,0.00172620352336323,0.0232445113060131,0.0105105606604597,0.15109165712365,-0.426085280090201,5.42979901559531,-0.0529741428400391,0.43505230013144,-0.0100001115194039,0.283279689517189,,,,,,,,,,,,,0.619815834972399,0.62022736279923,0.0220133333333333,1,2999.825415,/home/cecilia/Desktop/results_grid/esn_r070_eSm06_eYp06_a04_selHIGH/summary.csv,/home/cecilia/Desktop/results_grid/esn_r070_eSm06_eYp06_a04_selHIGH,summary.csv,scenario
esn_r070_eSm06_eYp06_a04_selLOW,ESN,ESN,1500,1.5,1.5,200,-0.839309608802355,0.953109477044908,-0.00141552163646083,0.00991818344852373,-0.0182156036818435,0.065211207219294,-1.47219881154,2.3891730073455,-0.021277915312536,0.140761357920742,0.0079603810002911,0.0940714808779921,,,,,,,,,,,,,0.619815834972399,0.62022736279923,0.17045,1,2932.8338,/home/cecilia/Desktop/results_grid/esn_r070_eSm06_eYp06_a04_selLOW/summary.csv,/home/cecilia/Desktop/results_grid/esn_r070_eSm06_eYp06_a04_selLOW,summary.csv,scenario
esn_r070_eSm06_eYp06_a04_selMID,ESN,ESN,1500,1.5,1.5,200,-0.644720115503244,0.848008568178844,0.00038378392082451,0.0135568313159264,-0.0122641269959277,0.0851114276425997,-0.820604168683357,3.04737223713929,-0.0135186767991529,0.236604285677548,0.000777548412279298,0.158290422838703,,,,,,,,,,,,,0.619815834972399,0.62022736279923,0.0690866666666667,1,3291.183415,/home/cecilia/Desktop/results_grid/esn_r070_eSm06_eYp06_a04_selMID/summary.csv,/home/cecilia/Desktop/results_grid/esn_r070_eSm06_eYp06_a04_selMID,summary.csv,scenario
esn_r070_eSm10_eYp10_a04_selHIGH,ESN,ESN,1500,1.5,1.5,200,-0.670296185086758,0.821560112815878,0.0047203603041268,0.0326988519191327,0.0265313130063171,0.195100202627962,-0.337412864270047,5.87072669148504,0.0160247062417347,0.529826773883372,-0.00395369134616202,0.37848081410849,,,,,,,,,,,,,0.591319334307412,0.591443618114386,0.0125766666666667,1,3786.291055,/home/cecilia/Desktop/results_grid/esn_r070_eSm10_eYp10_a04_selHIGH/summary.csv,/home/cecilia/Desktop/results_grid/esn_r070_eSm10_eYp10_a04_selHIGH,summary.csv,scenario
esn_r070_eSm10_eYp10_a04_selLOW,ESN,ESN,1500,1.5,1.5,200,-0.919445680330962,1.01444102280855,0.000517460669405563,0.0103257930961574,-0.000838379018364875,0.06421486809973,-1.47954973756324,2.1143973391827,0.0177193567856782,0.156728103868602,0.00194949608147869,0.100547902908363,,,,,,,,,,,,,0.591319334307412,0.591443618114386,0.134176666666667,1,2006.832615,/home/cecilia/Desktop/results_grid/esn_r070_eSm10_eYp10_a04_selLOW/summary.csv,/home/cecilia/Desktop/results_grid/esn_r070_eSm10_eYp10_a04_selLOW,summary.csv,scenario
esn_r070_eSm10_eYp10_a04_selMID,ESN,ESN,1500,1.5,1.5,200,-0.843506526748736,0.969518604409443,0.00296155742053915,0.016416221970878,0.0160454191830904,0.0930153568269189,-0.784875792281569,2.82811221411561,0.0277811503235562,0.271207692413119,0.00363991845189854,0.171061763622689,,,,,,,,,,,,,0.591319334307412,0.591443618114386,0.0475166666666667,1,2834.86852,/home/cecilia/Desktop/results_grid/esn_r070_eSm10_eYp10_a04_selMID/summary.csv,/home/cecilia/Desktop/results_grid/esn_r070_eSm10_eYp10_a04_selMID,summary.csv,scenario
esn_r070_eSp03_eYm03_a04_selHIGH,ESN,ESN,1500,1.5,1.5,200,-0.294765662490101,0.490066228669934,-0.00298535105006441,0.014781415485991,-0.012144091954939,0.0952713219491208,-0.374798847963109,3.39149968793083,-0.0088540484835417,0.224893034844584,0.00691649644270232,0.163963577019112,,,,,,,,,,,,,0.643649071670911,0.643769728617137,0.06995,1,2664.51686,/home/cecilia/Desktop/results_grid/esn_r070_eSp03_eYm03_a04_selHIGH/summary.csv,/home/cecilia/Desktop/results_grid/esn_r070_eSp03_eYm03_a04_selHIGH,summary.csv,scenario
esn_r070_eSp03_eYm03_a04_selLOW,ESN,ESN,1500,1.5,1.5,200,-0.370457776838918,0.623677977064342,-0.00234322096790134,0.0100712433709163,-0.029100413593874,0.068158854923764,-1.71002792007037,2.4036619815142,0.00103050012078896,0.106171226303386,0.00313292741339703,0.0727779626335554,,,,,,,,,,,,,0.643649071670911,0.643769728617137,0.318666666666667,1,2735.15411,/home/cecilia/Desktop/results_grid/esn_r070_eSp03_eYm03_a04_selLOW/summary.csv,/home/cecilia/Desktop/results_grid/esn_r070_eSp03_eYm03_a04_selLOW,summary.csv,scenario
esn_r070_eSp03_eYm03_a04_selMID,ESN,ESN,1500,1.5,1.5,200,-0.185099165447394,0.625406663552455,-0.00273022809810004,0.0117135742037579,-0.0174748258112347,0.0793369736839606,-0.989638485107623,2.56168977085993,0.00722513496995661,0.150593048745408,0.00519001129460525,0.104335950426935,,,,,,,,,,,,,0.643649071670911,0.643769728617137,0.165176666666667,1,2278.7793,/home/cecilia/Desktop/results_grid/esn_r070_eSp03_eYm03_a04_selMID/summary.csv,/home/cecilia/Desktop/results_grid/esn_r070_eSp03_eYm03_a04_selMID,summary.csv,scenario
esn_r070_eSp06_eYm06_a04_selHIGH,ESN,ESN,1500,1.5,1.5,200,-0.260298391890501,0.483226731600405,-0.00257217589077871,0.0125320822974249,-0.0117165539636386,0.0736180989664893,-0.548698471415133,2.95683699776282,0.00978173544032897,0.217132777186129,0.000156806034766074,0.148971086702304,,,,,,,,,,,,,0.619815834972399,0.619658807174497,0.07974,1,2045.479555,/home/cecilia/Desktop/results_grid/esn_r070_eSp06_eYm06_a04_selHIGH/summary.csv,/home/cecilia/Desktop/results_grid/esn_r070_eSp06_eYm06_a04_selHIGH,summary.csv,scenario
esn_r070_eSp06_eYm06_a04_selLOW,ESN,ESN,1500,1.5,1.5,200,-0.31431387466902,0.627818207075904,-0.00353124824186736,0.00923153091064356,-0.0177844464530989,0.06040519275659,-1.61888270653754,2.31876845835538,0.0128534041699877,0.0987590886767098,-0.00180569115184757,0.0744519356638283,,,,,,,,,,,,,0.619815834972399,0.619658807174497,0.357236666666667,1,1944.734765,/home/cecilia/Desktop/results_grid/esn_r070_eSp06_eYm06_a04_selLOW/summary.csv,/home/cecilia/Desktop/results_grid/esn_r070_eSp06_eYm06_a04_selLOW,summary.csv,scenario
esn_r070_eSp06_eYm06_a04_selMID,ESN,ESN,1500,1.5,1.5,200,-0.237671211007398,0.6036914397106,-0.00247066693835487,0.0106417275744751,-0.0199116267197772,0.0616463241139555,-0.976715135145135,2.40680085859634,0.0123049650375066,0.126340541967313,-0.0074546351061152,0.102587981790956,,,,,,,,,,,,,0.619815834972399,0.619658807174497,0.187533333333333,1,2252.044255,/home/cecilia/Desktop/results_grid/esn_r070_eSp06_eYm06_a04_selMID/summary.csv,/home/cecilia/Desktop/results_grid/esn_r070_eSp06_eYm06_a04_selMID,summary.csv,scenario
esn_r070_eSp10_eYm10_a04_selHIGH,ESN,ESN,1500,1.5,1.5,200,-0.222169519680681,0.448581521625774,-0.00317994127270861,0.0126546854686379,-0.010353130823995,0.0776726511680949,-0.296562475647547,2.86427115630767,0.00799546668631878,0.209900151865935,-0.0069807072623905,0.147538501181022,,,,,,,,,,,,,0.591319334307412,0.591565926239078,0.0871733333333333,1,2816.66808,/home/cecilia/Desktop/results_grid/esn_r070_eSp10_eYm10_a04_selHIGH/summary.csv,/home/cecilia/Desktop/results_grid/esn_r070_eSp10_eYm10_a04_selHIGH,summary.csv,scenario
esn_r070_eSp10_eYm10_a04_selLOW,ESN,ESN,1500,1.5,1.5,200,-0.3669532972671,0.573713019628863,-0.0036771837561204,0.00973676964317159,-0.021528791345308,0.0563155110868977,-1.21712835606918,2.30635671443039,0.00393900482112895,0.101865995152484,-0.00370097261204247,0.0627112333874892,,,,,,,,,,,,,0.591319334307412,0.591565926239078,0.389803333333333,1,2653.17961,/home/cecilia/Desktop/results_grid/esn_r070_eSp10_eYm10_a04_selLOW/summary.csv,/home/cecilia/Desktop/results_grid/esn_r070_eSp10_eYm10_a04_selLOW,summary.csv,scenario
esn_r070_eSp10_eYm10_a04_selMID,ESN,ESN,1500,1.5,1.5,200,-0.296784259027399,0.543085036494137,-0.00404417643851648,0.0109611614615971,-0.0257034700547834,0.0588622229856507,-0.765676824317891,2.5496854486473,-0.00424386990302726,0.129559440846328,-0.000267501450075064,0.0903955659891503,,,,,,,,,,,,,0.591319334307412,0.591565926239078,0.205336666666667,1,2631.79613,/home/cecilia/Desktop/results_grid/esn_r070_eSp10_eYm10_a04_selMID/summary.csv,/home/cecilia/Desktop/results_grid/esn_r070_eSp10_eYm10_a04_selMID,summary.csv,scenario
est_r000_eSm03_eYp03_a04_selHIGH_nu10,EST,EST,1500,1.5,1.5,200,-0.311759153922495,0.437250415668135,0.00525037864268736,0.0269488988535236,0.00501598149007084,0.163608445444424,-4.78609703715746,4.78963440806785,0.0029224607964574,0.566425652853008,0.136014818172986,0.394393447862278,,,,,,,,,,,,,0.639811471250174,0.641654391471425,0.0461633333333333,0.04,3035.4051,/home/cecilia/Desktop/results_grid/est_r000_eSm03_eYp03_a04_selHIGH_nu10/summary.csv,/home/cecilia/Desktop/results_grid/est_r000_eSm03_eYp03_a04_selHIGH_nu10,summary.csv,scenario
est_r000_eSm03_eYp03_a04_selHIGH_nu4,EST,EST,1500,1.5,1.5,200,-0.100107128028651,0.292606494620276,-0.00532975981163559,0.0241292647896505,-0.0339589105984473,0.150276367794962,-4.83837656693594,4.84046517775888,-0.0709772116619854,0.627956045220145,0.217697488995702,0.469461740759169,,,,,,,,,,,,,0.634319426505704,0.636298108299838,0.0604233333333333,0.01,1715.9817,/home/cecilia/Desktop/results_grid/est_r000_eSm03_eYp03_a04_selHIGH_nu4/summary.csv,/home/cecilia/Desktop/results_grid/est_r000_eSm03_eYp03_a04_selHIGH_nu4,summary.csv,scenario
est_r000_eSm03_eYp03_a04_selHIGH_nu6,EST,EST,1500,1.5,1.5,200,-0.18167902477696,0.325503141282646,-0.0023280767410061,0.0262913738469287,-0.0279954157680004,0.160296790350041,-4.82519204134997,4.82765550811212,-0.110998847762427,0.597469431853518,0.159591931220127,0.429110980937944,,,,,,,,,,,,,0.637327966705168,0.638413697976887,0.05275,0.045,2165.059325,/home/cecilia/Desktop/results_grid/est_r000_eSm03_eYp03_a04_selHIGH_nu6/summary.csv,/home/cecilia/Desktop/results_grid/est_r000_eSm03_eYp03_a04_selHIGH_nu6,summary.csv,scenario
est_r000_eSm03_eYp03_a04_selHIGH_nuinf,EST,EST,1500,1.5,1.5,200,-0.616691412516047,0.762984586041465,0.0129783012122466,0.0378242235674843,0.0954257244878862,0.243714116985761,-4.72382390554455,4.73171689710808,-0.0678240804699889,0.574105926483935,0.0982061494100673,0.400926756954244,,,,,,,,,,,,,0.643649071670911,0.644349778979417,0.03569,0.02,2891.48468,/home/cecilia/Desktop/results_grid/est_r000_eSm03_eYp03_a04_selHIGH_nuinf/summary.csv,/home/cecilia/Desktop/results_grid/est_r000_eSm03_eYp03_a04_selHIGH_nuinf,summary.csv,scenario
est_r000_eSm03_eYp03_a04_selLOW_nu10,EST,EST,1500,1.5,1.5,200,-0.627575773871881,0.676703770248261,0.00131284853930139,0.0154220852370409,0.0121103449756335,0.101556511658186,-3.2925399789141,3.39777313836263,-0.00424477711330081,0.209993681198233,0.0634983112510898,0.158693578636159,,,,,,,,,,,,,0.639811471250174,0.641654391471425,0.219443333333333,0.34,3607.90947,/home/cecilia/Desktop/results_grid/est_r000_eSm03_eYp03_a04_selLOW_nu10/summary.csv,/home/cecilia/Desktop/results_grid/est_r000_eSm03_eYp03_a04_selLOW_nu10,summary.csv,scenario
est_r000_eSm03_eYp03_a04_selLOW_nu4,EST,EST,1500,1.5,1.5,200,-0.531602951036005,0.58316717951974,-0.000252944392382562,0.0156118840491033,-0.00207368797553692,0.0934833732065045,-3.64781299084211,3.71082617788901,-0.0077865963726914,0.249648051481001,0.0871030062359307,0.192674800447821,,,,,,,,,,,,,0.634319426505704,0.636298108299838,0.224956666666667,0.28,2130.700095,/home/cecilia/Desktop/results_grid/est_r000_eSm03_eYp03_a04_selLOW_nu4/summary.csv,/home/cecilia/Desktop/results_grid/est_r000_eSm03_eYp03_a04_selLOW_nu4,summary.csv,scenario
est_r000_eSm03_eYp03_a04_selLOW_nu6,EST,EST,1500,1.5,1.5,200,-0.572985659838692,0.628100805495889,-0.00021739385512214,0.0162970732335661,0.00103800809159866,0.1012579994653,-3.38132001035752,3.50398216629847,-0.0065064467491479,0.23883334383852,0.0695308720074532,0.172549035338594,,,,,,,,,,,,,0.637327966705168,0.638413697976887,0.22224,0.3,2402.302015,/home/cecilia/Desktop/results_grid/est_r000_eSm03_eYp03_a04_selLOW_nu6/summary.csv,/home/cecilia/Desktop/results_grid/est_r000_eSm03_eYp03_a04_selLOW_nu6,summary.csv,scenario
est_r000_eSm03_eYp03_a04_selLOW_nuinf,EST,EST,1500,1.5,1.5,200,-0.679169862495697,0.73540663272499,0.00225529070469702,0.0154808460517294,0.0228846766682935,0.104621228028675,-2.84638772439198,3.05983967027974,-0.00450428759715281,0.177465043700715,0.0522030580804457,0.137507316115342,,,,,,,,,,,,,0.643649071670911,0.644349778979417,0.214426666666667,0.375,3753.827985,/home/cecilia/Desktop/results_grid/est_r000_eSm03_eYp03_a04_selLOW_nuinf/summary.csv,/home/cecilia/Desktop/results_grid/est_r000_eSm03_eYp03_a04_selLOW_nuinf,summary.csv,scenario
est_r000_eSm03_eYp03_a04_selMID_nu10,EST,EST,1500,1.5,1.5,200,-0.358659583775639,0.453837264301879,0.00226257842673929,0.0180603177371519,0.013020694547649,0.127414539635305,-4.18552586960783,4.227736100005,0.00980356939825911,0.330665143408599,0.0756946189868168,0.238762748635259,,,,,,,,,,,,,0.639811471250174,0.641654391471425,0.10629,0.11,3541.41348,/home/cecilia/Desktop/results_grid/est_r000_eSm03_eYp03_a04_selMID_nu10/summary.csv,/home/cecilia/Desktop/results_grid/est_r000_eSm03_eYp03_a04_selMID_nu10,summary.csv,scenario
est_r000_eSm03_eYp03_a04_selMID_nu4,EST,EST,1500,1.5,1.5,200,-0.175953145928202,0.31185762583653,-0.00467001009391147,0.0182316592587215,-0.0263119552476238,0.103976016330018,-4.56629529935591,4.57774299513463,-0.0170146187251911,0.402532417397975,0.123493012618407,0.282735630985679,,,,,,,,,,,,,0.634319426505704,0.636298108299838,0.118173333333333,0.14,1985.259705,/home/cecilia/Desktop/results_grid/est_r000_eSm03_eYp03_a04_selMID_nu4/summary.csv,/home/cecilia/Desktop/results_grid/est_r000_eSm03_eYp03_a04_selMID_nu4,summary.csv,scenario
est_r000_eSm03_eYp03_a04_selMID_nu6,EST,EST,1500,1.5,1.5,200,-0.226395665198856,0.345898116719302,-0.00243037752049341,0.0193751954711332,-0.0200912099272268,0.108425012542947,-4.4331434116389,4.45161041354297,0.0151539702272851,0.347014481208278,0.0864636949449344,0.251644268651941,,,,,,,,,,,,,0.637327966705168,0.638413697976887,0.112433333333333,0.12,2588.47867,/home/cecilia/Desktop/results_grid/est_r000_eSm03_eYp03_a04_selMID_nu6/summary.csv,/home/cecilia/Desktop/results_grid/est_r000_eSm03_eYp03_a04_selMID_nu6,summary.csv,scenario
est_r000_eSm03_eYp03_a04_selMID_nuinf,EST,EST,1500,1.5,1.5,200,-0.456958555654955,0.541479409805929,0.0058181614271341,0.0211914437499694,0.0475254960649417,0.152832450704116,-4.03955920091334,4.09972763286389,0.0130933475403669,0.328100106134111,0.0713390493728561,0.219576803357569,,,,,,,,,,,,,0.643649071670911,0.644349778979417,0.09709,0.09,3390.58448,/home/cecilia/Desktop/results_grid/est_r000_eSm03_eYp03_a04_selMID_nuinf/summary.csv,/home/cecilia/Desktop/results_grid/est_r000_eSm03_eYp03_a04_selMID_nuinf,summary.csv,scenario
est_r000_eSm06_eYp06_a04_selHIGH_nu4,EST,EST,1500,1.5,1.5,200,-0.174190762246966,0.425059618691734,-0.00546648840557947,0.0270560836274832,-0.0256038881490093,0.175880855497609,-4.8524734071001,4.85539004450541,-0.238964976262092,0.765810779981174,0.115183308442533,0.552432694660189,,,,,,,,,,,,,0.612210187896838,0.613984239906989,0.04222,0.02,1629.2008,/home/cecilia/Desktop/results_grid/est_r000_eSm06_eYp06_a04_selHIGH_nu4/summary.csv,/home/cecilia/Desktop/results_grid/est_r000_eSm06_eYp06_a04_selHIGH_nu4,summary.csv,scenario
est_r000_eSm06_eYp06_a04_selLOW_nu4,EST,EST,1500,1.5,1.5,200,-0.689993543740188,0.761258337141191,0.00307472530803134,0.0181744367274242,0.0056958215986297,0.103028655237326,-3.66451639640715,3.71860078239504,-0.00165433502608667,0.264649593564468,0.0604032253201024,0.180269078346563,,,,,,,,,,,,,0.612210187896838,0.613984239906989,0.181863333333333,0.29,2499.77656,/home/cecilia/Desktop/results_grid/est_r000_eSm06_eYp06_a04_selLOW_nu4/summary.csv,/home/cecilia/Desktop/results_grid/est_r000_eSm06_eYp06_a04_selLOW_nu4,summary.csv,scenario
est_r000_eSm06_eYp06_a04_selLOW_nu6,EST,EST,1500,1.5,1.5,200,-0.737615803619302,0.791815337014534,0.000696225984514381,0.0154032140777624,0.0211926341754136,0.109219065587887,-3.37664557266798,3.47470525423625,0.0310373909759792,0.227601962975562,0.0647098048145791,0.176343708832779,,,,,,,,,,,,,0.614664275334829,0.615076253504083,0.178763333333333,0.255,2263.76591,/home/cecilia/Desktop/results_grid/est_r000_eSm06_eYp06_a04_selLOW_nu6/summary.csv,/home/cecilia/Desktop/results_grid/est_r000_eSm06_eYp06_a04_selLOW_nu6,summary.csv,scenario
est_r000_eSm06_eYp06_a04_selMID_nu4,EST,EST,1500,1.5,1.5,200,-0.413785397659633,0.554164087090181,0.00203198097437357,0.0248695830621903,-0.00799446521256569,0.135912211249658,-4.40441080398981,4.42417387222636,0.0825450644700291,0.48287553850156,0.0960549356197322,0.338082945036621,,,,,,,,,,,,,0.612210187896838,0.613984239906989,0.0885833333333333,0.09,2084.812885,/home/cecilia/Desktop/results_grid/est_r000_eSm06_eYp06_a04_selMID_nu4/summary.csv,/home/cecilia/Desktop/results_grid/est_r000_eSm06_eYp06_a04_selMID_nu4,summary.csv,scenario
est_r000_eSp03_eYm03_a04_selHIGH_nu10,EST,EST,1500,1.5,1.5,200,-0.1362097082353,0.19450531282708,0.00587310074616808,0.0220000051773056,0.0177949566771213,0.139142303452448,-4.77032738991028,4.77563888753636,-0.105971223931982,0.407156179604136,0.133473757281316,0.291205707884348,,,,,,,,,,,,,0.639811471250174,0.641584323000405,0.0873,0.045,2220.025835,/home/cecilia/Desktop/results_grid/est_r000_eSp03_eYm03_a04_selHIGH_nu10/summary.csv,/home/cecilia/Desktop/results_grid/est_r000_eSp03_eYm03_a04_selHIGH_nu10,summary.csv,scenario
est_r000_eSp03_eYm03_a04_selHIGH_nu4,EST,EST,1500,1.5,1.5,200,0.124322536888593,0.167780489484685,-0.00546667438509934,0.0196433079339951,-0.0326422349560517,0.112372298555625,-4.8303560032404,4.83131981316017,-0.271446068089757,0.517798145661296,0.211334220443082,0.376477679749793,,,,,,,,,,,,,0.634319426505704,0.635146765371049,0.109593333333333,0.04,1973.61806,/home/cecilia/Desktop/results_grid/est_r000_eSp03_eYm03_a04_selHIGH_nu4/summary.csv,/home/cecilia/Desktop/results_grid/est_r000_eSp03_eYm03_a04_selHIGH_nu4,summary.csv,scenario
est_r000_eSp03_eYm03_a04_selHIGH_nu6,EST,EST,1500,1.5,1.5,200,-0.0011212944944917,0.114615936216597,-0.00145085827159659,0.0211537695748579,-0.00970615183115332,0.125400803157559,-4.80887363192106,4.81280375129882,-0.120692356139577,0.44281709800886,0.188899617224149,0.350513610243549,,,,,,,,,,,,,0.637327966705168,0.638792294126749,0.09748,0.04,2020.5056,/home/cecilia/Desktop/results_grid/est_r000_eSp03_eYm03_a04_selHIGH_nu6/summary.csv,/home/cecilia/Desktop/results_grid/est_r000_eSp03_eYm03_a04_selHIGH_nu6,summary.csv,scenario
est_r000_eSp03_eYm03_a04_selHIGH_nuinf,EST,EST,1500,1.5,1.5,200,-0.380592485650297,0.426720669023199,0.0124399409236915,0.0288818419500519,0.0652232295518373,0.171460005161798,-4.80429334631454,4.80693316112108,-0.0907867520875574,0.364902915000077,0.0857157926170537,0.248569836940892,,,,,,,,,,,,,0.643649071670911,0.643678156623097,0.0704166666666667,0.02,1772.451835,/home/cecilia/Desktop/results_grid/est_r000_eSp03_eYm03_a04_selHIGH_nuinf/summary.csv,/home/cecilia/Desktop/results_grid/est_r000_eSp03_eYm03_a04_selHIGH_nuinf,summary.csv,scenario
est_r000_eSp03_eYm03_a04_selLOW_nu10,EST,EST,1500,1.5,1.5,200,-0.425888426277421,0.520059854181138,-0.0024773819568024,0.0111503786718314,-0.023561909520478,0.0715910741979643,-1.99704142793329,2.67102991018504,0.0086537302447473,0.159444221403557,0.0437140681904896,0.132587464074252,,,,,,,,,,,,,0.639811471250174,0.641584323000405,0.32505,0.575,2833.7298,/home/cecilia/Desktop/results_grid/est_r000_eSp03_eYm03_a04_selLOW_nu10/summary.csv,/home/cecilia/Desktop/results_grid/est_r000_eSp03_eYm03_a04_selLOW_nu10,summary.csv,scenario
est_r000_eSp03_eYm03_a04_selLOW_nu4,EST,EST,1500,1.5,1.5,200,-0.174777505625954,0.223221050430041,-0.00504332115710031,0.0120749219906401,-0.035065094021837,0.0739954761743678,-2.21312452994053,2.8295937552533,-0.00668584472420374,0.19835506006718,0.0724449938007053,0.15062903096531,,,,,,,,,,,,,0.634319426505704,0.635146765371049,0.333426666666667,0.515,4415.588065,/home/cecilia/Desktop/results_grid/est_r000_eSp03_eYm03_a04_selLOW_nu4/summary.csv,/home/cecilia/Desktop/results_grid/est_r000_eSp03_eYm03_a04_selLOW_nu4,summary.csv,scenario
est_r000_eSp03_eYm03_a04_selLOW_nu6,EST,EST,1500,1.5,1.5,200,-0.315105055460172,0.392812951038991,-0.00452170504151607,0.0119015853917961,-0.0260938676904201,0.0732015255866297,-2.01712918795281,2.59585937338972,-0.0074911879638884,0.189912933925043,0.0639279463038414,0.151141652173321,,,,,,,,,,,,,0.637327966705168,0.638792294126749,0.329576666666667,0.47,2992.294175,/home/cecilia/Desktop/results_grid/est_r000_eSp03_eYm03_a04_selLOW_nu6/summary.csv,/home/cecilia/Desktop/results_grid/est_r000_eSp03_eYm03_a04_selLOW_nu6,summary.csv,scenario
est_r000_eSp03_eYm03_a04_selLOW_nuinf,EST,EST,1500,1.5,1.5,200,-0.434892660757004,0.527793387046071,-0.00289735789270356,0.0120981971393071,-0.00879873715376198,0.067829380937193,-1.90788170371678,2.60320944200033,0.00892038396613635,0.147751937566649,0.0274293175451381,0.119735648816871,,,,,,,,,,,,,0.643649071670911,0.643678156623097,0.31923,0.485,2926.71746,/home/cecilia/Desktop/results_grid/est_r000_eSp03_eYm03_a04_selLOW_nuinf/summary.csv,/home/cecilia/Desktop/results_grid/est_r000_eSp03_eYm03_a04_selLOW_nuinf,summary.csv,scenario
est_r000_eSp03_eYm03_a04_selMID_nu10,EST,EST,1500,1.5,1.5,200,-0.0617539705500823,0.10464969315765,0.000188023083785083,0.0137215660775004,-0.0119955247487983,0.0880376165590007,-4.1481912411425,4.27846849801709,0.00667670326205115,0.255470212991331,0.103342475658786,0.194827226292569,,,,,,,,,,,,,0.639811471250174,0.641584323000405,0.177923333333333,0.105,2382.61937,/home/cecilia/Desktop/results_grid/est_r000_eSp03_eYm03_a04_selMID_nu10/summary.csv,/home/cecilia/Desktop/results_grid/est_r000_eSp03_eYm03_a04_selMID_nu10,summary.csv,scenario
est_r000_eSp03_eYm03_a04_selMID_nu4,EST,EST,1500,1.5,1.5,200,0.0485395257935329,0.101682183200179,-0.00616037208674419,0.0155449319205274,-0.0379579956795999,0.0920406806119823,-4.30930756512792,4.41119028515337,-0.0873326778629959,0.359317440852001,0.144886600673004,0.243187693197734,,,,,,,,,,,,,0.634319426505704,0.635146765371049,0.194826666666667,0.14,2465.56365,/home/cecilia/Desktop/results_grid/est_r000_eSp03_eYm03_a04_selMID_nu4/summary.csv,/home/cecilia/Desktop/results_grid/est_r000_eSp03_eYm03_a04_selMID_nu4,summary.csv,scenario
est_r000_eSp03_eYm03_a04_selMID_nu6,EST,EST,1500,1.5,1.5,200,0.010782979983927,0.0792677137204242,-0.0036143739955883,0.0139682522318154,-0.0345203259532585,0.0910857756322249,-4.38276935804222,4.45386462313497,-0.0201933990245423,0.308903341478043,0.144385232989513,0.240653033095506,,,,,,,,,,,,,0.637327966705168,0.638792294126749,0.1866,0.185,2368.48548,/home/cecilia/Desktop/results_grid/est_r000_eSp03_eYm03_a04_selMID_nu6/summary.csv,/home/cecilia/Desktop/results_grid/est_r000_eSp03_eYm03_a04_selMID_nu6,summary.csv,scenario
est_r000_eSp03_eYm03_a04_selMID_nuinf,EST,EST,1500,1.5,1.5,200,-0.125647623743664,0.149194785633051,0.00127022749622451,0.0149289441062309,0.00128204716381773,0.0913710283987931,-4.2775434004547,4.38411018807427,-0.0124160978879717,0.208832777966278,0.0814152411757634,0.174807041736535,,,,,,,,,,,,,0.643649071670911,0.643678156623097,0.166013333333333,0.11,2028.199885,/home/cecilia/Desktop/results_grid/est_r000_eSp03_eYm03_a04_selMID_nuinf/summary.csv,/home/cecilia/Desktop/results_grid/est_r000_eSp03_eYm03_a04_selMID_nuinf,summary.csv,scenario
