scenario_label,dgp_family,fit_family,n,reps,finite_fit_rate,conv_rate,n_converged,eligible_for_mean_IC,mean_selection_rate,mean_logLik,mean_AIC,mean_BIC,rmse_betaOut_1,rmse_betaOut_2,rmse_betaOut_3,rmse_sigmaY,rmse_rho,mean_etaS_hat,mean_etaY_hat,mean_tau_bar_hat,mean_nu_hat,mean_seconds,best_AIC,best_AIC_conv_rate,best_BIC,best_BIC_conv_rate
contaminated normal,CN,CN,1000,50,1,1,50,TRUE,0.43782,-1761.6864001555487,3543.3728003110973,3592.4503531009186,0.3303290782242644,0.1466633686078146,0.10925448428478864,0.17184154328125298,0.09152402586881753,NA,NA,NA,NA,170.68074000000001,CN,1,CN,1
contaminated normal,CN,ESN,1000,50,1,1,50,TRUE,0.43782,-1830.9749506844087,3683.9499013688173,3737.935209437621,5.846301322392648,0.17319391491925346,0.13150062915735503,3.1016331689057934,0.19196476250252845,0.7704519426356506,0.47355242145102894,-1.4924066831764389,NA,16850.87468,CN,1,CN,1
contaminated normal,CN,EST,1000,50,1,1,50,TRUE,0.43782,-1769.2431538836975,3562.486307767395,3621.3793711151807,1.4045219625379746,0.14873307306192088,0.11327263095724288,0.6136896919757108,0.1945272919591545,-0.0853007582787831,0.03909472878866959,-0.9415923737588442,4,18354.839620000002,CN,1,CN,1
contaminated normal,CN,HT,1000,50,1,1,50,TRUE,0.43782,-1769.201096092221,3554.402192184442,3593.664234416299,0.35205491833909397,0.1471209332836659,0.11416982984351122,0.32151033895110703,0.09867049160707372,NA,NA,NA,NA,109.2829,CN,1,CN,1
contaminated normal,CN,NH,1000,50,1,1,50,TRUE,0.43782,-1846.6989064386441,3709.3978128772883,3748.6598551091456,1.070126087648324,0.1858400887242918,0.1402320964144591,1.7955069967256365,0.21901807528884157,NA,NA,NA,NA,100.26714,CN,1,CN,1
hidden-truncation skewness,ESN,CN,1000,50,1,1,50,TRUE,0.34086,-1327.2708027767655,2674.541605553531,2723.6191583433524,0.61831350428077,0.12458603523859331,0.11515053070279975,0.20518149394856133,0.18588844870986154,NA,NA,NA,NA,456.54354,HT,1,HT,1
hidden-truncation skewness,ESN,ESN,1000,50,1,1,50,TRUE,0.34086,-1326.326211081448,2674.652422162896,2728.6377302316996,2.0545265059370132,0.12435469021257088,0.11605073815706379,0.6605655325485041,0.2570618448195355,-0.2680558566093039,0.05849212814567927,0.4656656433458506,NA,15342.1057,HT,1,HT,1
hidden-truncation skewness,ESN,EST,1000,50,1,1,50,TRUE,0.34086,-1333.2675497660382,2690.5350995320764,2749.428162879862,1.1854775209668873,0.13050256702032584,0.11556759005701848,0.602545725356276,0.3582737321309433,-1.3166809078844453,-0.5791102122771196,1.4925577336616822,4,17487.16012,HT,1,HT,1
hidden-truncation skewness,ESN,HT,1000,50,1,1,50,TRUE,0.34086,-1327.338466275066,2670.676932550132,2709.9389747819887,0.6225688588105719,0.1250471950680618,0.11500579537380938,0.21099742439834035,0.1854598199284636,NA,NA,NA,NA,127.60268,HT,1,HT,1
hidden-truncation skewness,ESN,NH,1000,50,1,1,50,TRUE,0.34086,-1327.4375880715102,2670.8751761430203,2710.137218374877,0.6128732649157901,0.12460127005520003,0.11509949685322189,0.1856415310003644,0.18766026444836792,NA,NA,NA,NA,82.21016,HT,1,HT,1
nearly Gaussian,NH,CN,1000,50,1,1,50,TRUE,0.4345,-1635.4497306798075,3290.899461359615,3339.9770141494364,0.4204719272055592,0.13360975174094203,0.11014703175665416,0.16896690883807566,0.11188791527508928,NA,NA,NA,NA,432.23838,HT,1,HT,1
nearly Gaussian,NH,ESN,1000,50,1,1,50,TRUE,0.4345,-1634.6867738395051,3291.3735476790102,3345.358855747814,1.520576685365182,0.13389040915519915,0.11156976649577403,0.5353744545511744,0.21382488914960993,0.05662217957427056,-0.3075798041660228,0.584894509547877,NA,14681.97322,HT,1,HT,1
nearly Gaussian,NH,EST,1000,50,1,1,50,TRUE,0.4345,-1642.6162546462458,3309.2325092924916,3368.1255726402774,0.7339978172803638,0.12664033564104718,0.11746964609975749,0.5128269774644085,0.27458440719574806,-1.2600394886092525,-0.5387311854220239,1.4925821305300957,4,16857.45158,HT,1,HT,1
nearly Gaussian,NH,HT,1000,50,1,1,50,TRUE,0.4345,-1635.5156229539718,3287.0312459079437,3326.293288139801,0.4207313574094985,0.13326502473151078,0.11011370925981227,0.1597093368594893,0.11162481648164578,NA,NA,NA,NA,77.17764,HT,1,HT,1
nearly Gaussian,NH,NH,1000,50,1,1,50,TRUE,0.4345,-1635.6070496543211,3287.2140993086423,3326.476141540499,0.4214651031351369,0.1337381018351072,0.1098967704809873,0.14197261388689678,0.11294441220367901,NA,NA,NA,NA,49.8389,HT,1,HT,1
skewness and heavy tails,EST,CN,1000,50,1,1,50,TRUE,0.33678,-1400.4878653461267,2820.9757306922534,2870.0532834820747,0.43404580472848636,0.14473080522078607,0.09758372110468527,0.4089860738406998,0.2608426962415821,NA,NA,NA,NA,512.01456,HT,1,HT,1
skewness and heavy tails,EST,ESN,1000,50,1,1,50,TRUE,0.33678,-1412.3462272252727,2846.6924544505455,2900.677762519349,5.05972059942507,0.13950769484385048,0.11318573507864331,2.2829964685108113,0.323565494299274,1.1538455617960286,0.7272150043219587,-1.2685813487371127,NA,17468.63534,HT,1,HT,1
skewness and heavy tails,EST,EST,1000,50,1,1,50,TRUE,0.33678,-1399.9394495008012,2823.8788990016023,2882.771962349388,0.7614957466693586,0.14243139484467238,0.09660448439929424,0.3578985816592028,0.23194718987025106,-0.7823038871070982,0.529203617276348,0.6821025286371004,4,18994.69222,HT,1,HT,1
skewness and heavy tails,EST,HT,1000,50,1,1,50,TRUE,0.33678,-1400.814232983213,2817.628465966426,2856.890508198283,0.4256117725380378,0.14287640157934,0.09430151331930593,0.2130878856665767,0.25678709417243045,NA,NA,NA,NA,195.04938,HT,1,HT,1
skewness and heavy tails,EST,NH,1000,50,1,1,50,TRUE,0.33678,-1419.5628761968792,2855.1257523937584,2894.3877946256157,0.9735433333591146,0.15459507330829506,0.12245726455545602,1.2789796912189786,0.3460789782594031,NA,NA,NA,NA,164.17586,HT,1,HT,1
symmetric heavy tails,HT,CN,1000,50,1,1,50,TRUE,0.43916,-1767.3608681355079,3554.7217362710157,3603.799289060837,0.40294350829401937,0.15756156729072268,0.11582297625274454,0.4024148731655583,0.11225576336742864,NA,NA,NA,NA,445.69738,HT,1,HT,1
symmetric heavy tails,HT,ESN,1000,50,1,1,50,TRUE,0.43916,-1782.020862301161,3586.041724602322,3640.0270326711257,4.9184938856775,0.15226732638809667,0.12765857329067834,2.2038715851633817,0.24746853403510805,0.7414568515143565,0.15557288565083965,-1.2840669657210877,NA,17238.13122,HT,1,HT,1
symmetric heavy tails,HT,EST,1000,50,1,1,50,TRUE,0.43916,-1767.0716730890772,3558.1433461781544,3617.03640952594,0.5683159434284943,0.16184717348068695,0.1118378145273395,0.44232261843852444,0.15196225861640508,-0.26171449545324205,-0.029718792265485607,0.9904056664231987,4,18773.26354,HT,1,HT,1
symmetric heavy tails,HT,HT,1000,50,1,1,50,TRUE,0.43916,-1767.284741768471,3550.569483536942,3589.8315257687987,0.37863577678036897,0.1597305533140974,0.11138257239146447,0.21034112825100712,0.11021311599042062,NA,NA,NA,NA,110.10966,HT,1,HT,1
symmetric heavy tails,HT,NH,1000,50,1,1,50,TRUE,0.43916,-1786.9506093149048,3589.9012186298096,3629.1632608616665,0.7223890639911053,0.14711514888429558,0.1327770318915299,1.0809850840119528,0.17997000510282238,NA,NA,NA,NA,83.46952,HT,1,HT,1
