scenario,experiment,family,rep,n,selection_level,n_selected,selection_rate,hidden_acceptance_rate,PE_theoretical,acceptance_gap,logLik,AIC,BIC,k_params,finite_fit,regular_convergence,convergence,start_id,seconds,sigmaS_true_raw,sigmaY_true,rho_true,etaS_raw_true,etaY_raw_true,etaS_true,etaY_true,tau_bar_true,alpha_legacy_true,nu_true,sigmaY_hat,rho_hat,etaS_hat,etaY_hat,tau_bar_hat,alpha_legacy_hat,nu_hat,betaSel_1_true,betaSel_1_hat,betaSel_1_bias,betaSel_2_true,betaSel_2_hat,betaSel_2_bias,betaSel_3_true,betaSel_3_hat,betaSel_3_bias,betaOut_1_true,betaOut_1_hat,betaOut_1_bias,betaOut_2_true,betaOut_2_hat,betaOut_2_bias,betaOut_3_true,betaOut_3_hat,betaOut_3_bias,sigmaY_bias,rho_bias,etaS_bias,etaY_bias,tau_bar_bias,alpha_legacy_bias,nu_bias,error,message,start_values
grid_n1500_esn_r000_etaSrawm03_etaYrawp03_tau04_selMODERATE,grid_n1500,ESN,1,1500,MODERATE,133,0.08866666666666667,0.6459948320413437,0.6436490716709108,0.00234576037043288,-769.6800887567531,1561.3601775135062,1619.8056017714996,11,TRUE,TRUE,0,8,35662.889,4,3,0,-0.3,0.3,-0.3,0.3,0.4,0.4,NA,4.106222160975656,0.4720987022843511,-1.486890444926015,-0.9272390662798872,0.872012899150777,0.872012899150777,NA,-1.25,-0.8867139532146786,0.3632860467853214,0.0375,0.03988355303803367,0.00238355303803367,0.25,0.28104249762327893,0.03104249762327893,5,6.157843462233101,1.1578434622331013,1.5,1.5337873857482738,0.03378738574827378,0.8,0.8435936946505006,0.04359369465050056,1.1062221609756555,0.4720987022843511,-1.186890444926015,-1.227239066279887,0.47201289915077693,0.47201289915077693,NA,ok,CONVERGENCE: REL_REDUCTION_OF_F <= FACTR*EPSMCH,769.842965;769.842558;769.843805;769.714537;769.686903;769.709327;769.840387;769.680089;769.688532;769.709032;769.688989;769.842988;769.843039
grid_n1500_esn_r000_etaSrawm03_etaYrawp03_tau04_selMODERATE,grid_n1500,ESN,2,1500,MODERATE,178,0.11866666666666668,0.6584723441615452,0.6436490716709108,0.01482327249063442,-985.5545405820412,1993.1090811640825,2051.5545054220756,11,TRUE,TRUE,0,10,30026.509,4,3,0,-0.3,0.3,-0.3,0.3,0.4,0.4,NA,4.10384841712993,0.7065029120987389,-1.3987591311684135,-0.01016322886419818,1.1173809247279445,1.1173809247279445,NA,-1.25,-0.7240320966799486,0.5259679033200514,0.0375,0.03645194445571478,-0.00104805554428522,0.25,0.2087729631866732,-0.04122703681332679,5,3.1758346208661976,-1.8241653791338024,1.5,1.7066150265507385,0.20661502655073827,0.8,0.6204660364311769,-0.17953396356882312,1.10384841712993,0.7065029120987389,-1.0987591311684135,-0.31016322886419817,0.7173809247279445,0.7173809247279445,NA,ok,CONVERGENCE: REL_REDUCTION_OF_F <= FACTR*EPSMCH,985.591022;985.596503;985.59266;985.598732;985.59124;985.572817;985.600494;985.592365;985.591045;985.554541;985.580657;985.590902;985.595007
grid_n1500_esn_r000_etaSrawm03_etaYrawp03_tau04_selMODERATE,grid_n1500,ESN,3,1500,MODERATE,147,0.098,0.6550218340611353,0.6436490716709108,0.01137276239022455,-843.6627268799087,1709.3254537598175,1767.770878017811,11,TRUE,TRUE,0,9,42208.921,4,3,0,-0.3,0.3,-0.3,0.3,0.4,0.4,NA,3.4155730793959993,0.28510767553144883,1.4921359805777257,1.2181067278578244,-1.4719328735049968,-1.4719328735049968,NA,-1.25,-2.0079441483466915,-0.7579441483466915,0.0375,0.03241870112742242,-0.00508129887257757,0.25,0.159856648467842,-0.090143351532158,5,2.3885615511070064,-2.6114384488929936,1.5,1.3188769007493375,-0.18112309925066228,0.8,0.9289361996955336,0.1289361996955336,0.4155730793959993,0.28510767553144883,1.7921359805777255,0.9181067278578244,-1.871932873504997,-1.871932873504997,NA,ok,CONVERGENCE: REL_REDUCTION_OF_F <= FACTR*EPSMCH,843.684882;844.22517;843.688141;843.665858;844.230529;843.694229;844.227359;844.118817;843.662727;843.668083;843.663793;843.693954;844.22889
grid_n1500_esn_r000_etaSrawm03_etaYrawp03_tau04_selMODERATE,grid_n1500,ESN,4,1500,MODERATE,157,0.10466666666666669,0.6454388984509466,0.6436490716709108,0.0017898267800358,-869.957761274659,1761.915522549318,1820.3609468073112,11,TRUE,TRUE,0,8,42343.784,4,3,0,-0.3,0.3,-0.3,0.3,0.4,0.4,NA,3.7898593613209592,-0.5677440168938556,-1.4925821305300957,0.8016758189417452,1.2146128526425697,1.2146128526425697,NA,-1.25,-0.7842532468966028,0.4657467531033972,0.0375,0.04764369291902084,0.01014369291902084,0.25,0.1209002260243155,-0.1290997739756845,5,5.980592852043481,0.9805928520434808,1.5,1.4811490227358952,-0.01885097726410478,0.8,0.97195103368505,0.17195103368505005,0.7898593613209592,-0.5677440168938556,-1.1925821305300957,0.5016758189417452,0.8146128526425697,0.8146128526425697,NA,ok,CONVERGENCE: REL_REDUCTION_OF_F <= FACTR*EPSMCH,869.961221;869.960478;869.969463;869.962292;869.964551;869.964016;869.965591;869.957761;869.970604;869.963871;870.197677;869.960247;870.189192
grid_n1500_esn_r000_etaSrawm03_etaYrawp03_tau04_selMODERATE,grid_n1500,ESN,5,1500,MODERATE,138,0.092,0.6443298969072165,0.6436490716709108,6.808252363057488e-4,-797.9194938299761,1617.8389876599522,1676.2844119179456,11,TRUE,TRUE,0,10,30223.626000000004,4,3,0,-0.3,0.3,-0.3,0.3,0.4,0.4,NA,4.716712665021579,0.4177217185199673,-1.4925821305300957,-1.4925821305300957,1.354893851030689,1.354893851030689,NA,-1.25,-1.0080730750658324,0.24192692493416756,0.0375,0.06555638555815287,0.02805638555815286,0.25,0.18539932266507989,-0.06460067733492011,5,6.835799928850944,1.8357999288509443,1.5,1.8547425463633824,0.35474254636338265,0.8,0.6891201918604966,-0.11087980813950347,1.7167126650215794,0.4177217185199673,-1.1925821305300957,-1.7925821305300955,0.9548938510306888,0.9548938510306888,NA,ok,CONVERGENCE: REL_REDUCTION_OF_F <= FACTR*EPSMCH,800.199898;800.199909;797.924162;797.919556;797.921696;797.91952;800.198562;797.921437;797.921027;797.919494;797.920313;800.200521;800.199457
grid_n1500_esn_r000_etaSrawm03_etaYrawp03_tau04_selMODERATE,grid_n1500,ESN,6,1500,MODERATE,161,0.10733333333333334,0.651890482398957,0.6436490716709108,0.00824141072804618,-903.0546172762396,1828.1092345524792,1886.5546588104728,11,TRUE,TRUE,0,8,33830.902,4,3,0,-0.3,0.3,-0.3,0.3,0.4,0.4,NA,3.4866580084882632,-0.24217373504479167,-1.2314116240281012,-1.0278705096009544,1.281894054807166,1.281894054807166,NA,-1.25,-0.9507403731775368,0.2992596268224633,0.0375,0.02058155025285643,-0.01691844974714356,0.25,0.2304904152010306,-0.01950958479896941,5,8.809272096812967,3.8092720968129665,1.5,1.1032667370562763,-0.39673326294372346,0.8,1.028768297700775,0.228768297700775,0.4866580084882632,-0.24217373504479167,-0.9314116240281012,-1.3278705096009544,0.881894054807166,0.881894054807166,NA,ok,CONVERGENCE: REL_REDUCTION_OF_F <= FACTR*EPSMCH,903.204115;903.206046;903.20675;903.204802;903.068813;903.205355;903.205764;903.054617;903.204608;903.199579;903.214055;903.205063;903.204242
grid_n1500_esn_r000_etaSrawm03_etaYrawp03_tau04_selMODERATE,grid_n1500,ESN,7,1500,MODERATE,149,0.09933333333333332,0.6584723441615452,0.6436490716709108,0.01482327249063442,-845.1817500285557,1712.3635000571114,1770.8089243151048,11,TRUE,TRUE,0,5,21741.601,4,3,0,-0.3,0.3,-0.3,0.3,0.4,0.4,NA,3.0047217154236776,0.03180717538651839,1.4886251486992093,1.4925821305300957,0.6107384108113876,0.6107384108113876,NA,-1.25,-1.7120941009178,-0.4620941009177999,0.0375,0.02685615063238523,-0.01064384936761476,0.25,0.2992621077183319,0.04926210771833189,5,5.362472412503517,0.362472412503517,1.5,1.6085816538860649,0.10858165388606468,0.8,0.8385287110904359,0.03852871109043587,0.0047217154236776,0.03180717538651839,1.7886251486992093,1.1925821305300957,0.21073841081138756,0.21073841081138756,NA,ok,CONVERGENCE: REL_REDUCTION_OF_F <= FACTR*EPSMCH,845.790185;845.791129;845.789465;845.786706;845.18175;845.787868;845.789355;845.393454;845.182943;845.778782;845.396285;845.786736;845.788141
grid_n1500_esn_r000_etaSrawm03_etaYrawp03_tau04_selMODERATE,grid_n1500,ESN,8,1500,MODERATE,156,0.104,0.6404782237403929,0.6436490716709108,-0.00317084793051791,-868.2245660907225,1758.449132181445,1816.8945564394385,11,TRUE,TRUE,0,6,48080.29,4,3,0,-0.3,0.3,-0.3,0.3,0.4,0.4,NA,5.202775126172574,-0.6869105924588639,-0.8221448516723819,1.4291476258409803,-1.4841837543073575,-1.4841837543073575,NA,-1.25,-0.7232124280873723,0.5267875719126277,0.0375,0.02658368435661056,-0.01091631564338943,0.25,0.23664767814963544,-0.01335232185036455,5,4.220383403909309,-0.7796165960906913,1.5,1.546635223234447,0.04663522323444691,0.8,0.5796590653128484,-0.22034093468715168,2.2027751261725736,-0.6869105924588639,-0.5221448516723819,1.1291476258409805,-1.8841837543073576,-1.8841837543073576,NA,ok,CONVERGENCE: REL_REDUCTION_OF_F <= FACTR*EPSMCH,868.236756;868.235454;868.229956;868.227131;868.231705;868.224566;868.236543;868.233862;868.232225;868.225636;868.738149;868.22817;868.226545
grid_n1500_esn_r000_etaSrawm03_etaYrawp03_tau04_selMODERATE,grid_n1500,ESN,9,1500,MODERATE,156,0.104,0.6331785563528916,0.6436490716709108,-0.01047051531801923,-882.4132223563729,1786.8264447127458,1845.2718689707392,11,TRUE,TRUE,0,8,27166.481,4,3,0,-0.3,0.3,-0.3,0.3,0.4,0.4,NA,3.027236190244889,0.06559805665771308,1.4920621881873748,-1.4925821305300957,1.3239730758464971,1.3239730758464971,NA,-1.25,-1.615473655730313,-0.3654736557303131,0.0375,0.01495179200362981,-0.02254820799637018,0.25,0.31443545642479703,0.06443545642479703,5,5.421896775223642,0.421896775223642,1.5,1.23824954994647,-0.26175045005353015,0.8,0.9462263645621338,0.14622636456213378,0.02723619024488899,0.06559805665771308,1.7920621881873748,-1.7925821305300955,0.9239730758464972,0.9239730758464972,NA,ok,CONVERGENCE: REL_REDUCTION_OF_F <= FACTR*EPSMCH,882.660316;882.659713;882.659764;882.6598;882.420467;882.659513;882.662051;882.413222;882.416991;882.660431;882.413738;882.659558;882.663979
grid_n1500_esn_r000_etaSrawm03_etaYrawp03_tau04_selMODERATE,grid_n1500,ESN,10,1500,MODERATE,163,0.10866666666666666,0.6391137622496804,0.6436490716709108,-0.00453530942123037,-926.4097909380836,1874.819581876167,1933.2650061341603,11,TRUE,TRUE,0,4,45574.195,4,3,0,-0.3,0.3,-0.3,0.3,0.4,0.4,NA,8.373204643559115,-0.9267877463882128,-1.4821189438588338,1.4925821305300957,0.6905130607708427,0.6905130607708427,NA,-1.25,-0.7388567741787962,0.5111432258212038,0.0375,0.01836387225233608,-0.01913612774766392,0.25,0.11257589925112849,-0.13742410074887151,5,10.794064986530996,5.794064986530996,1.5,1.45156136843072,-0.04843863156927996,0.8,0.8023890128748782,0.00238901287487813,5.373204643559115,-0.9267877463882128,-1.1821189438588338,1.1925821305300957,0.2905130607708427,0.2905130607708427,NA,ok,CONVERGENCE: REL_REDUCTION_OF_F <= FACTR*EPSMCH,926.410683;926.511732;927.460244;926.409791;927.457532;927.362973;926.522115;927.46056;927.459143;927.368846;927.461757;Inf;926.519268
grid_n1500_esn_r000_etaSrawm03_etaYrawp03_tau04_selMODERATE,grid_n1500,ESN,11,1500,MODERATE,139,0.09266666666666666,0.6402048655569782,0.6436490716709108,-0.00344420611393259,-805.040012987621,1632.080025975242,1690.5254502332357,11,TRUE,TRUE,0,6,35821.493,4,3,0,-0.3,0.3,-0.3,0.3,0.4,0.4,NA,6.394751645195986,-0.7588223584193785,-1.489632020095036,1.4835198353141117,-0.16037033879840215,-0.16037033879840215,NA,-1.25,-0.665515483617744,0.584484516382256,0.0375,0.033690421424149,-0.003809578575851,0.25,0.14606246960718683,-0.10393753039281316,5,4.925733752233798,-0.07426624776620194,1.5,1.5672172507110744,0.06721725071107443,0.8,1.0178025867758371,0.2178025867758373,3.394751645195986,-0.7588223584193785,-1.189632020095036,1.1835198353141114,-0.5603703387984021,-0.5603703387984021,NA,ok,CONVERGENCE: REL_REDUCTION_OF_F <= FACTR*EPSMCH,805.05078;805.053467;805.045215;805.050555;805.048553;805.040013;805.052619;805.051611;805.044486;805.04849;805.588236;805.056075;805.05817
grid_n1500_esn_r000_etaSrawm03_etaYrawp03_tau04_selMODERATE,grid_n1500,ESN,12,1500,MODERATE,133,0.08866666666666667,0.6329113924050633,0.6436490716709108,-0.01073767926584745,-764.628721500259,1551.257443000518,1609.702867258511,11,TRUE,TRUE,0,1,35537.675,4,3,0,-0.3,0.3,-0.3,0.3,0.4,0.4,NA,3.8036655393784224,-0.50611115234807,0.2956893530673892,1.4925821305300957,-0.3667944434564177,-0.3667944434564177,NA,-1.25,-1.5296824179801574,-0.27968241798015736,0.0375,0.0322391494899835,-0.00526085051001649,0.25,0.06929404576992247,-0.18070595423007751,5,6.544593249633171,1.544593249633171,1.5,1.3284474126593502,-0.17155258734064982,0.8,1.1089664986625147,0.3089664986625147,0.8036655393784224,-0.50611115234807,0.5956893530673892,1.1925821305300957,-0.7667944434564178,-0.7667944434564178,NA,ok,CONVERGENCE: REL_REDUCTION_OF_F <= FACTR*EPSMCH,764.628722;764.629386;764.629067;764.629148;764.630356;764.629397;764.629906;764.628956;764.630239;764.628779;764.630491;764.630794;764.62926
grid_n1500_esn_r000_etaSrawm03_etaYrawp03_tau04_selMODERATE,grid_n1500,ESN,13,1500,MODERATE,120,0.08,0.6404782237403929,0.6436490716709108,-0.00317084793051791,-696.5890286008795,1415.178057201759,1473.6234814597524,11,TRUE,TRUE,0,7,53224.829,4,3,0,-0.3,0.3,-0.3,0.3,0.4,0.4,NA,3.5657156032429325,0.6072783427312719,1.059554443044805,-1.4925821305300957,-1.4838484921419033,-1.4838484921419033,NA,-1.25,-1.9974741493043235,-0.7474741493043235,0.0375,0.022292203920997,-0.01520779607900299,0.25,0.13821236144043636,-0.11178763855956364,5,2.4987727986060517,-2.5012272013939483,1.5,1.5809079693906924,0.08090796939069245,0.8,0.42124577418600623,-0.3787542258139938,0.5657156032429325,0.6072783427312719,1.359554443044805,-1.7925821305300955,-1.8838484921419032,-1.8838484921419032,NA,ok,CONVERGENCE: REL_REDUCTION_OF_F <= FACTR*EPSMCH,696.589523;696.591183;696.589772;696.591954;696.589686;696.592762;696.589029;696.590005;696.58949;Inf;696.589399;696.591498;696.589106
grid_n1500_esn_r000_etaSrawm03_etaYrawp03_tau04_selMODERATE,grid_n1500,ESN,14,1500,MODERATE,142,0.09466666666666666,0.6493506493506493,0.6436490716709108,0.00570157767973855,-809.3852681101241,1640.7705362202482,1699.2159604782416,11,TRUE,TRUE,0,7,47185.749,4,3,0,-0.3,0.3,-0.3,0.3,0.4,0.4,NA,4.3305537162631085,-0.5868981387460246,-0.6583379982525488,1.4925821305300957,1.4925821305300957,1.4925821305300957,NA,-1.25,-1.319126640682996,-0.06912664068299601,0.0375,0.03710220770478311,-3.9779229521688664e-4,0.25,0.2959521058329222,0.04595210583292219,5,7.716302079328486,2.7163020793284858,1.5,1.6086371188508803,0.10863711885088034,0.8,0.8036875104928964,0.00368751049289639,1.3305537162631085,-0.5868981387460246,-0.3583379982525488,1.1925821305300957,1.0925821305300958,1.0925821305300958,NA,ok,CONVERGENCE: REL_REDUCTION_OF_F <= FACTR*EPSMCH,809.386152;809.388318;809.386022;809.397737;809.395928;809.386606;809.385268;809.400722;809.401686;809.387008;809.387988;Inf;809.385825
grid_n1500_esn_r000_etaSrawm03_etaYrawp03_tau04_selMODERATE,grid_n1500,ESN,15,1500,MODERATE,149,0.09933333333333332,0.6337135614702155,0.6436490716709108,-0.00993551020069527,-841.17440260079,1704.34880520158,1762.7942294595734,11,TRUE,TRUE,0,3,37291.147999999994,4,3,0,-0.3,0.3,-0.3,0.3,0.4,0.4,NA,2.9898819735750615,-0.107291369626217,1.1033395023388133,1.4925821305300957,1.486967826822734,1.486967826822734,NA,-1.25,-1.5721921709738695,-0.32219217097386954,0.0375,0.05544739341634881,0.01794739341634881,0.25,0.2390848909248239,-0.01091510907517609,5,6.66662481596974,1.6666248159697403,1.5,1.5044384066522485,0.00443840665224826,0.8,0.7018840834878108,-0.0981159165121892,-0.01011802642493853,-0.107291369626217,1.403339502338813,1.1925821305300957,1.086967826822734,1.086967826822734,NA,ok,CONVERGENCE: REL_REDUCTION_OF_F <= FACTR*EPSMCH,841.179341;841.326045;841.174403;841.328079;841.177534;841.320675;841.335411;841.182202;841.178763;841.346663;841.182398;841.175959;841.175086
grid_n1500_esn_r000_etaSrawm03_etaYrawp03_tau04_selMODERATE,grid_n1500,ESN,16,1500,MODERATE,159,0.106,0.6443298969072165,0.6436490716709108,6.808252363057488e-4,-903.9568929049568,1829.9137858099136,1888.359210067907,11,TRUE,TRUE,0,7,43180.48,4,3,0,-0.3,0.3,-0.3,0.3,0.4,0.4,NA,3.6874555521061168,0.16909466299752873,0.4830124637660703,-1.4925821305300957,1.4925821305300957,1.4925821305300957,NA,-1.25,-1.5337877004078828,-0.2837877004078828,0.0375,0.06463479724839993,0.02713479724839993,0.25,0.3365563644527081,0.08655636445270809,5,5.629183920978538,0.6291839209785381,1.5,1.2337451719957702,-0.26625482800422984,0.8,0.6782974604990901,-0.12170253950090992,0.6874555521061168,0.16909466299752873,0.7830124637660703,-1.7925821305300955,1.0925821305300958,1.0925821305300958,NA,ok,CONVERGENCE: REL_REDUCTION_OF_F <= FACTR*EPSMCH,903.960622;903.958497;903.957285;903.957194;903.957268;903.961603;903.956893;903.95754;903.957113;903.95781;903.957461;903.957843;903.960954
grid_n1500_esn_r000_etaSrawm03_etaYrawp03_tau04_selMODERATE,grid_n1500,ESN,17,1500,MODERATE,149,0.09933333333333332,0.6443298969072165,0.6436490716709108,6.808252363057488e-4,-840.153769392703,1702.307538785406,1760.7529630433994,11,TRUE,TRUE,0,9,43200.627,4,3,0,-0.3,0.3,-0.3,0.3,0.4,0.4,NA,6.408079377017129,0.8157912656623123,-1.4925821305300957,-1.4925821305300957,-0.4070990895275801,-0.4070990895275801,NA,-1.25,-0.5834267415197386,0.6665732584802614,0.0375,0.03206798550639739,-0.0054320144936026,0.25,0.1322263548862516,-0.1177736451137484,5,6.481170554924577,1.481170554924577,1.5,1.015666215256603,-0.48433378474339706,0.8,0.4330144329553609,-0.3669855670446392,3.40807937701713,0.8157912656623123,-1.1925821305300957,-1.7925821305300955,-0.8070990895275801,-0.8070990895275801,NA,ok,CONVERGENCE: REL_REDUCTION_OF_F <= FACTR*EPSMCH,840.154702;840.163346;840.154027;840.182386;840.16447;840.182234;840.154138;840.154203;840.153769;840.167147;840.154107;840.161343;Inf
grid_n1500_esn_r000_etaSrawm03_etaYrawp03_tau04_selMODERATE,grid_n1500,ESN,18,1500,MODERATE,170,0.11333333333333331,0.6578947368421053,0.6436490716709108,0.01424566517119452,-951.4814027758172,1924.9628055516343,1983.408229809628,11,TRUE,TRUE,0,1,49852.895,4,3,0,-0.3,0.3,-0.3,0.3,0.4,0.4,NA,4.723523930611159,-0.6083295688182553,-1.4887872759565894,1.0306929590974063,1.4925821305300957,1.4925821305300957,NA,-1.25,-0.859223356124516,0.39077664387548405,0.0375,0.04355940253799696,0.00605940253799695,0.25,0.17117867025682404,-0.07882132974317596,5,6.786214622819111,1.7862146228191111,1.5,1.7472707544518595,0.24727075445185953,0.8,0.749588098338987,-0.05041190166101306,1.723523930611159,-0.6083295688182553,-1.1887872759565894,0.7306929590974065,1.0925821305300958,1.0925821305300958,NA,ok,CONVERGENCE: REL_REDUCTION_OF_F <= FACTR*EPSMCH,951.481403;951.49956;951.48338;951.481913;951.494451;951.485119;951.487094;951.487878;951.491275;951.489026;Inf;951.488302;951.488737
grid_n1500_esn_r000_etaSrawm03_etaYrawp03_tau04_selMODERATE,grid_n1500,ESN,19,1500,MODERATE,136,0.09066666666666667,0.6350550381033023,0.6436490716709108,-0.00859403356760846,-796.3085495718444,1614.6170991436888,1673.0625234016825,11,TRUE,TRUE,0,9,35029.051,4,3,0,-0.3,0.3,-0.3,0.3,0.4,0.4,NA,4.221542494089182,-0.7441394463197554,1.4924310923027655,1.4925821305300957,1.2001939552619578,1.2001939552619578,NA,-1.25,-1.6274051146618682,-0.3774051146618682,0.0375,0.01300673367755861,-0.02449326632244138,0.25,0.19092393112421224,-0.05907606887578778,5,11.492540143918989,6.492540143918987,1.5,1.5038721066817933,0.00387210668179327,0.8,0.9920332910154548,0.19203329101545472,1.2215424940891824,-0.7441394463197554,1.7924310923027655,1.1925821305300957,0.8001939552619578,0.8001939552619578,NA,ok,CONVERGENCE: REL_REDUCTION_OF_F <= FACTR*EPSMCH,796.369273;796.369357;796.369015;796.370155;796.339813;796.368376;796.37046;796.310979;796.30855;796.369285;796.338453;796.369166;796.369785
grid_n1500_esn_r000_etaSrawm03_etaYrawp03_tau04_selMODERATE,grid_n1500,ESN,20,1500,MODERATE,159,0.106,0.6490696668109044,0.6436490716709108,0.0054205951399936,-886.6422579969094,1795.2845159938188,1853.729940251812,11,TRUE,TRUE,0,8,38553.14,4,3,0,-0.3,0.3,-0.3,0.3,0.4,0.4,NA,2.992732356210269,-0.00449248128584374,1.4925821305300957,-1.1451676562902893,-0.40612929158205424,-0.40612929158205424,NA,-1.25,-1.8002619223775649,-0.5502619223775649,0.0375,0.05192115122553163,0.01442115122553162,0.25,0.20394445364831665,-0.04605554635168335,5,6.470189327195686,1.470189327195686,1.5,1.5631083748489136,0.06310837484891363,0.8,0.5456003822058159,-0.2543996177941842,-0.00726764378973143,-0.00449248128584374,1.7925821305300955,-1.445167656290289,-0.8061292915820543,-0.8061292915820543,NA,ok,CONVERGENCE: REL_REDUCTION_OF_F <= FACTR*EPSMCH,887.011751;887.012798;886.642417;886.645782;886.647078;886.643856;887.015416;886.642258;886.652215;886.64367;886.648003;886.642334;887.012484
grid_n1500_esn_r000_etaSrawm03_etaYrawp03_tau04_selMODERATE,grid_n1500,ESN,21,1500,MODERATE,133,0.08866666666666667,0.6366723259762309,0.6436490716709108,-0.00697674569467987,-766.7444878715822,1555.4889757431645,1613.934400001158,11,TRUE,TRUE,0,9,25107.501,4,3,0,-0.3,0.3,-0.3,0.3,0.4,0.4,NA,3.0080613592008327,-0.04960483243599262,1.4860265171166436,-1.4925821305300957,0.2800723391710537,0.2800723391710537,NA,-1.25,-1.815899688766923,-0.565899688766923,0.0375,0.03699936825018911,-5.006317498108884e-4,0.25,0.30076526760113104,0.05076526760113104,5,6.953639531232517,1.9536395312325177,1.5,1.8484517351725125,0.3484517351725125,0.8,0.5223696734727661,-0.27763032652723396,0.00806135920083273,-0.04960483243599262,1.7860265171166436,-1.7925821305300955,-0.11992766082894636,-0.11992766082894636,NA,ok,CONVERGENCE: REL_REDUCTION_OF_F <= FACTR*EPSMCH,766.757222;766.752999;766.749716;767.281414;766.74961;766.76847;767.280682;766.748898;766.744488;767.285802;766.750624;766.756107;767.278626
grid_n1500_esn_r000_etaSrawm03_etaYrawp03_tau04_selMODERATE,grid_n1500,ESN,22,1500,MODERATE,151,0.10066666666666668,0.6440532417346501,0.6436490716709108,4.041700637392731e-4,-848.3048372708107,1718.6096745416214,1777.0550987996148,11,TRUE,TRUE,0,6,32008.572,4,3,0,-0.3,0.3,-0.3,0.3,0.4,0.4,NA,3.9793026927847888,0.7703613483484607,-0.3722885576369185,0.0293584780099482,-1.3234132007048218,-1.3234132007048218,NA,-1.25,-0.7401025140026136,0.5098974859973864,0.0375,0.06164000387442541,0.02414000387442541,0.25,0.20196528866695657,-0.04803471133304346,5,2.6413295966635233,-2.3586704033364767,1.5,1.4391344478652073,-0.06086555213479272,0.8,0.691651776719599,-0.10834822328040106,0.9793026927847888,0.7703613483484607,-0.0722885576369185,-0.27064152199005176,-1.723413200704822,-1.723413200704822,NA,ok,CONVERGENCE: REL_REDUCTION_OF_F <= FACTR*EPSMCH,848.306752;848.307835;848.307222;848.308961;848.306222;848.304837;848.308985;848.305893;848.307929;848.362278;848.305015;848.306528;848.307844
grid_n1500_esn_r000_etaSrawm03_etaYrawp03_tau04_selMODERATE,grid_n1500,ESN,23,1500,MODERATE,157,0.10466666666666669,0.6358626536668079,0.6436490716709108,-0.00778641800410284,-887.4459893791065,1796.891978758213,1855.3374030162065,11,TRUE,TRUE,0,13,42379.821,4,3,0,-0.3,0.3,-0.3,0.3,0.4,0.4,NA,3.3147976106751513,0.34497283894634345,1.4925821305300957,-1.394832838026575,-0.4888423573439422,-0.4888423573439422,NA,-1.25,-1.832314058385709,-0.5823140583857089,0.0375,0.00328981642770018,-0.03421018357229982,0.25,0.27921096172113447,0.02921096172113446,5,3.7196004420961177,-1.2803995579038827,1.5,1.718410326024366,0.21841032602436591,0.8,0.9273541662051368,0.12735416620513673,0.31479761067515133,0.34497283894634345,1.7925821305300955,-1.6948328380265751,-0.8888423573439423,-0.8888423573439423,NA,ok,CONVERGENCE: REL_REDUCTION_OF_F <= FACTR*EPSMCH,887.450508;887.452166;887.452022;887.450083;887.449767;887.450736;887.450028;887.45004;887.449163;887.692704;887.447113;887.451514;887.445989
grid_n1500_esn_r000_etaSrawm03_etaYrawp03_tau04_selMODERATE,grid_n1500,ESN,24,1500,MODERATE,165,0.11,0.6321112515802781,0.6436490716709108,-0.01153782009063264,-916.706297877358,1855.412595754716,1913.8580200127092,11,TRUE,TRUE,0,3,32038.048,4,3,0,-0.3,0.3,-0.3,0.3,0.4,0.4,NA,3.0838133055669346,0.36263744827435657,1.4847065288709853,-0.91005670877332,-1.4891676894091883,-1.4891676894091883,NA,-1.25,-2.029654680884285,-0.7796546808842848,0.0375,0.00432951827117455,-0.03317048172882544,0.25,0.20700396767623477,-0.04299603232376522,5,3.492938888949247,-1.5070611110507528,1.5,1.414453796837403,-0.08554620316259731,0.8,0.8869993769937503,0.08699937699375027,0.08381330556693456,0.36263744827435657,1.7847065288709854,-1.21005670877332,-1.8891676894091884,-1.8891676894091884,NA,ok,CONVERGENCE: REL_REDUCTION_OF_F <= FACTR*EPSMCH,916.706436;916.817319;916.706298;916.815398;916.706398;916.815336;916.822032;916.70956;916.70671;916.816392;916.709452;916.715245;916.713943
grid_n1500_esn_r000_etaSrawm03_etaYrawp03_tau04_selMODERATE,grid_n1500,ESN,25,1500,MODERATE,178,0.11866666666666668,0.6407518154634771,0.6436490716709108,-0.00289725620743364,-982.1208305886968,1986.2416611773936,2044.687085435387,11,TRUE,TRUE,0,4,30134.733,4,3,0,-0.3,0.3,-0.3,0.3,0.4,0.4,NA,3.088616059886459,0.06538479338426376,1.055776100229206,-1.4925821305300957,1.3645821606232442,1.3645821606232442,NA,-1.25,-1.4370657282228827,-0.1870657282228827,0.0375,0.04037331252425003,0.00287331252425002,0.25,0.18969012941847885,-0.06030987058152115,5,4.867145022898964,-0.1328549771010357,1.5,1.5490458161645932,0.04904581616459325,0.8,1.1310458519256934,0.33104585192569336,0.08861605988645893,0.06538479338426376,1.355776100229206,-1.7925821305300955,0.9645821606232442,0.9645821606232442,NA,ok,CONVERGENCE: REL_REDUCTION_OF_F <= FACTR*EPSMCH,982.121592;982.122487;982.132563;982.120831;982.131562;982.121941;982.791315;982.129345;982.134472;982.121471;982.129993;982.123501;982.125614
grid_n1500_esn_r000_etaSrawm03_etaYrawp03_tau04_selMODERATE,grid_n1500,ESN,26,1500,MODERATE,145,0.09666666666666666,0.648228176318064,0.6436490716709108,0.00457910464715316,-818.5647987345695,1659.129597469139,1717.5750217271325,11,TRUE,TRUE,0,11,68797.871,4,3,0,-0.3,0.3,-0.3,0.3,0.4,0.4,NA,3.8367712145778174,0.6794120439099763,1.4925821305300957,-1.4892266984971942,-1.2783781032059296,-1.2783781032059296,NA,-1.25,-1.9778446803061136,-0.7278446803061136,0.0375,0.04156600786188635,0.00406600786188635,0.25,0.22258465619815096,-0.02741534380184904,5,0.8749279912028025,-4.125072008797197,1.5,1.5021535155837582,0.0021535155837582,0.8,0.473228950359427,-0.326771049640573,0.8367712145778174,0.6794120439099763,1.7925821305300955,-1.7892266984971943,-1.6783781032059295,-1.6783781032059295,NA,ok,CONVERGENCE: REL_REDUCTION_OF_F <= FACTR*EPSMCH,818.684508;818.665938;818.571132;818.587136;818.694159;818.57605;818.570789;818.585275;818.575917;818.784609;818.564799;818.5732;818.690469
grid_n1500_esn_r000_etaSrawm03_etaYrawp03_tau04_selMODERATE,grid_n1500,ESN,27,1500,MODERATE,158,0.10533333333333332,0.6412997007268063,0.6436490716709108,-0.00234937094410447,-893.8038946457657,1809.6077892915312,1868.0532135495248,11,TRUE,TRUE,0,11,59612.075,4,3,0,-0.3,0.3,-0.3,0.3,0.4,0.4,NA,4.3338324548630105,0.6887711653479077,0.0983063641362506,-1.4925821305300957,1.4925821305300957,1.4925821305300957,NA,-1.25,-1.444198345301725,-0.19419834530172508,0.0375,0.02966963588542063,-0.00783036411457936,0.25,0.3013736799427831,0.05137367994278308,5,1.133663130558607,-3.866336869441393,1.5,1.8048374154851912,0.3048374154851914,0.8,0.764112257471409,-0.03588774252859106,1.3338324548630105,0.6887711653479077,0.3983063641362506,-1.7925821305300955,1.0925821305300958,1.0925821305300958,NA,ok,CONVERGENCE: REL_REDUCTION_OF_F <= FACTR*EPSMCH,893.948679;893.960156;893.809228;893.939075;893.947819;894.029299;893.927422;894.017405;Inf;893.96518;893.803895;893.806743;893.960001
grid_n1500_esn_r000_etaSrawm03_etaYrawp03_tau04_selMODERATE,grid_n1500,ESN,28,1500,MODERATE,155,0.10333333333333332,0.6353240152477764,0.6436490716709108,-0.00832505642313441,-871.5639698180477,1765.127939636095,1823.5733638940887,11,TRUE,TRUE,0,6,33246.493,4,3,0,-0.3,0.3,-0.3,0.3,0.4,0.4,NA,3.30316364020692,0.15043631879239228,-1.4925821305300957,0.9857612114984649,1.4839824551347107,1.4839824551347107,NA,-1.25,-0.8641862821109261,0.3858137178890739,0.0375,0.03089298203425508,-0.00660701796574491,0.25,0.115212333400753,-0.134787666599247,5,3.6120926741712425,-1.3879073258287575,1.5,1.402261636993669,-0.0977383630063311,0.8,0.5506945196539142,-0.2493054803460858,0.30316364020692,0.15043631879239228,-1.1925821305300957,0.6857612114984648,1.0839824551347106,1.0839824551347106,NA,ok,CONVERGENCE: REL_REDUCTION_OF_F <= FACTR*EPSMCH,871.600535;871.608518;871.600649;871.601196;871.603388;871.56397;871.601502;871.60081;871.60017;871.569259;871.599804;871.603106;871.600296
grid_n1500_esn_r000_etaSrawm03_etaYrawp03_tau04_selMODERATE,grid_n1500,ESN,29,1500,MODERATE,168,0.112,0.6185567010309279,0.6436490716709108,-0.02509237063998293,-932.5429659212188,1887.0859318424375,1945.531356100431,11,TRUE,TRUE,0,6,39243.749,4,3,0,-0.3,0.3,-0.3,0.3,0.4,0.4,NA,6.107713751521582,0.8873159826136209,-1.4925809314260354,-0.6631596900283134,0.996360048683226,0.996360048683226,NA,-1.25,-0.6245063197920698,0.6254936802079302,0.0375,0.02749318739826395,-0.01000681260173605,0.25,0.04015989574251739,-0.20984010425748265,5,2.5070703147998725,-2.4929296852001275,1.5,1.523121107769413,0.02312110776941267,0.8,0.7521835840387251,-0.04781641596127495,3.1077137515215822,0.8873159826136209,-1.1925809314260354,-0.9631596900283136,0.596360048683226,0.596360048683226,NA,ok,CONVERGENCE: REL_REDUCTION_OF_F <= FACTR*EPSMCH,932.610575;932.607999;932.602989;932.5682;932.61498;932.542966;932.571275;932.617322;932.615409;932.548583;932.62468;932.616374;932.609916
grid_n1500_esn_r000_etaSrawm03_etaYrawp03_tau04_selMODERATE,grid_n1500,ESN,30,1500,MODERATE,139,0.09266666666666666,0.6446067898581865,0.6436490716709108,9.577181872757468e-4,-804.9729644587072,1631.9459289174144,1690.391353175408,11,TRUE,TRUE,0,11,32446.928,4,3,0,-0.3,0.3,-0.3,0.3,0.4,0.4,NA,3.683437176511351,0.5154373628160214,1.489021053394994,1.4925821305300957,-0.5865661852844192,-0.5865661852844192,NA,-1.25,-1.7993470794031583,-0.5493470794031583,0.0375,0.03490080294420808,-0.00259919705579191,0.25,0.0896754345220854,-0.1603245654779146,5,1.3361558286342845,-3.663844171365715,1.5,1.1660430574801453,-0.33395694251985475,0.8,0.6623223780245332,-0.13767762197546685,0.6834371765113509,0.5154373628160214,1.7890210533949942,1.1925821305300957,-0.9865661852844192,-0.9865661852844192,NA,ok,CONVERGENCE: REL_REDUCTION_OF_F <= FACTR*EPSMCH,805.857987;805.857632;805.859782;805.859401;805.857098;805.091484;805.861246;804.975209;805.857881;805.091413;804.972964;805.857371;805.859488
grid_n1500_esn_r000_etaSrawm03_etaYrawp03_tau04_selMODERATE,grid_n1500,ESN,31,1500,MODERATE,166,0.11066666666666666,0.6331785563528916,0.6436490716709108,-0.01047051531801923,-932.3110124812412,1886.6220249624823,1945.067449220476,11,TRUE,TRUE,0,10,36330.168999999994,4,3,0,-0.3,0.3,-0.3,0.3,0.4,0.4,NA,3.769441261022063,0.6544433870059823,1.3104785995859465,1.4914567210698222,1.4921378793403854,1.4921378793403854,NA,-1.25,-1.4586214514320923,-0.20862145143209232,0.0375,0.01662375229807449,-0.0208762477019255,0.25,0.1511675171641493,-0.0988324828358507,5,0.1332101957228162,-4.866789804277184,1.5,1.4477517858516458,-0.05224821414835423,0.8,1.0858463340471154,0.28584633404711535,0.7694412610220631,0.6544433870059823,1.6104785995859463,1.191456721069822,1.0921378793403855,1.0921378793403855,NA,ok,CONVERGENCE: REL_REDUCTION_OF_F <= FACTR*EPSMCH,932.814146;932.814041;932.814193;932.814254;932.812697;932.311817;932.813958;932.815652;932.813414;932.311012;932.313468;932.812518;932.814006
grid_n1500_esn_r000_etaSrawm03_etaYrawp03_tau04_selMODERATE,grid_n1500,ESN,32,1500,MODERATE,143,0.09533333333333334,0.6432246998284734,0.6436490716709108,-4.243718424373766e-4,-814.5122681810072,1651.0245363620145,1709.469960620008,11,TRUE,TRUE,0,11,29141.345,4,3,0,-0.3,0.3,-0.3,0.3,0.4,0.4,NA,3.154265459316272,-0.34769863244707655,1.2396566851915498,-1.488893215892238,1.171400549247117,1.171400549247117,NA,-1.25,-1.6077991730457404,-0.3577991730457404,0.0375,0.05420220766283913,0.01670220766283913,0.25,0.19642896074986,-0.05357103925014001,5,7.921425430954405,2.9214254309544048,1.5,1.7867563739098522,0.2867563739098522,0.8,1.019850749495519,0.2198507494955189,0.15426545931627178,-0.34769863244707655,1.53965668519155,-1.7888932158922382,0.7714005492471169,0.7714005492471169,NA,ok,CONVERGENCE: REL_REDUCTION_OF_F <= FACTR*EPSMCH,814.947264;814.947568;814.947137;814.94748;814.575958;814.948656;814.947418;814.518049;814.912029;814.954336;814.512268;814.947259;814.947296
grid_n1500_esn_r000_etaSrawm03_etaYrawp03_tau04_selMODERATE,grid_n1500,ESN,33,1500,MODERATE,154,0.10266666666666668,0.6558810668998688,0.6436490716709108,0.01223199522895801,-857.8013355361545,1737.602671072309,1796.0480953303024,11,TRUE,TRUE,0,9,41763.490000000005,4,3,0,-0.3,0.3,-0.3,0.3,0.4,0.4,NA,3.0302723376422596,0.3488322763820906,1.3869549976675415,-0.9241934199457064,-1.4670742490002635,-1.4670742490002635,NA,-1.25,-2.070994857316953,-0.8209948573169532,0.0375,0.03657821294795724,-9.217870520427592e-4,0.25,0.21012912016755472,-0.03987087983244528,5,4.051637835998271,-0.948362164001729,1.5,1.618503171192599,0.118503171192599,0.8,0.7704002160939013,-0.02959978390609874,0.03027233764225956,0.3488322763820906,1.6869549976675418,-1.2241934199457063,-1.8670742490002636,-1.8670742490002636,NA,ok,CONVERGENCE: REL_REDUCTION_OF_F <= FACTR*EPSMCH,857.803491;857.80141;857.801757;858.017216;857.802132;858.015896;857.805809;857.802003;857.801336;858.005606;857.808293;857.804596;857.80281
grid_n1500_esn_r000_etaSrawm03_etaYrawp03_tau04_selMODERATE,grid_n1500,ESN,34,1500,MODERATE,118,0.07866666666666666,0.6160164271047228,0.6436490716709108,-0.02763264456618797,-702.418952823953,1426.837905647906,1485.283329905899,11,TRUE,TRUE,0,1,59027.182,4,3,0,-0.3,0.3,-0.3,0.3,0.4,0.4,NA,5.163395805768992,-0.6940867233893566,-1.48679642481055,1.1090049004206155,1.4925821305300957,1.4925821305300957,NA,-1.25,-1.0171708857134802,0.23282911428651976,0.0375,0.04246185963042906,0.00496185963042906,0.25,0.12756802726315716,-0.12243197273684284,5,8.477552879638445,3.477552879638445,1.5,1.7419180342557388,0.24191803425573877,0.8,0.5204368853144054,-0.2795631146855947,2.1633958057689924,-0.6940867233893566,-1.18679642481055,0.8090049004206155,1.0925821305300958,1.0925821305300958,NA,ok,CONVERGENCE: REL_REDUCTION_OF_F <= FACTR*EPSMCH,702.418953;702.428794;702.422339;702.427432;702.619187;702.42053;702.420616;702.624878;702.423568;702.421652;702.624864;702.42714;702.419045
grid_n1500_esn_r000_etaSrawm03_etaYrawp03_tau04_selMODERATE,grid_n1500,ESN,35,1500,MODERATE,149,0.09933333333333332,0.6468305304010349,0.6436490716709108,0.00318145873012409,-846.8171747594475,1715.634349518895,1774.0797737768885,11,TRUE,TRUE,0,8,43200.608,4,3,0,-0.3,0.3,-0.3,0.3,0.4,0.4,NA,3.847757091617289,-0.07583963059365449,-1.4481550770371552,-1.4925821305300957,1.2550375635953748,1.2550375635953748,NA,-1.25,-0.9642220657701605,0.28577793422983955,0.0375,0.0337313166334349,-0.00376868336656509,0.25,0.2230685407238719,-0.02693145927612811,5,9.064249155288149,4.064249155288147,1.5,2.2036464641686333,0.7036464641686333,0.8,0.8528705003213768,0.05287050032137674,0.847757091617289,-0.07583963059365449,-1.1481550770371551,-1.7925821305300955,0.85503756359537475,0.85503756359537475,NA,ok,CONVERGENCE: REL_REDUCTION_OF_F <= FACTR*EPSMCH,846.869669;846.861877;846.834221;846.864068;846.821964;847.038418;846.863021;846.817175;847.035476;847.039522;846.817658;847.037096;Inf
grid_n1500_esn_r000_etaSrawm03_etaYrawp03_tau04_selMODERATE,grid_n1500,ESN,36,1500,MODERATE,137,0.09133333333333334,0.6493506493506493,0.6436490716709108,0.00570157767973855,-801.2872774750758,1624.5745549501517,1683.019979208145,11,TRUE,TRUE,0,1,35847.333,4,3,0,-0.3,0.3,-0.3,0.3,0.4,0.4,NA,4.351308313431599,-0.7200893524603824,-1.4925821305300957,-0.27891191784551006,-1.454095285109481,-1.454095285109481,NA,-1.25,0.16322369268376213,1.4132236926837622,0.0375,0.03063066945832898,-0.00686933054167101,0.25,0.1161794734091007,-0.1338205265908993,5,7.097229672545079,2.0972296725450787,1.5,1.5966749524259791,0.09667495242597912,0.8,0.8607724437521332,0.0607724437521332,1.3513083134315993,-0.7200893524603824,-1.1925821305300957,-0.57891191784551,-1.854095285109481,-1.854095285109481,NA,ok,CONVERGENCE: REL_REDUCTION_OF_F <= FACTR*EPSMCH,801.287277;801.303236;801.302749;801.301108;801.359569;801.300951;801.301307;801.359509;801.308089;801.302565;801.357935;801.303433;801.304364
grid_n1500_esn_r000_etaSrawm03_etaYrawp03_tau04_selMODERATE,grid_n1500,ESN,37,1500,MODERATE,144,0.096,0.6553079947575361,0.6436490716709108,0.0116589230866253,-824.9372058797554,1671.8744117595108,1730.3198360175045,11,TRUE,TRUE,0,2,60611.934,4,3,0,-0.3,0.3,-0.3,0.3,0.4,0.4,NA,3.184120397897767,-0.2940715602569709,0.5597952271538617,1.4925821305300957,1.4925821305300957,1.4925821305300957,NA,-1.25,-1.4743211389655762,-0.22432113896557615,0.0375,0.01178396327664136,-0.02571603672335863,0.25,0.14951674062573905,-0.10048325937426096,5,7.125043868834936,2.125043868834936,1.5,1.4774029591243445,-0.02259704087565572,0.8,0.8157205326887849,0.01572053268878481,0.1841203978977668,-0.2940715602569709,0.8597952271538616,1.1925821305300957,1.0925821305300958,1.0925821305300958,NA,ok,CONVERGENCE: REL_REDUCTION_OF_F <= FACTR*EPSMCH,824.939378;824.937206;824.937354;825.31782;824.947416;824.939051;825.315482;824.937273;824.937218;824.946109;825.069295;824.938728;825.316811
grid_n1500_esn_r000_etaSrawm03_etaYrawp03_tau04_selMODERATE,grid_n1500,ESN,38,1500,MODERATE,154,0.10266666666666668,0.6337135614702155,0.6436490716709108,-0.00993551020069527,-874.1293959656765,1770.258791931353,1828.7042161893464,11,TRUE,TRUE,0,5,49573.047000000006,4,3,0,-0.3,0.3,-0.3,0.3,0.4,0.4,NA,4.068238014333714,0.5327349824880258,0.8676206532141736,-1.4925821305300957,-1.4925775048258372,-1.4925775048258372,NA,-1.25,-1.8447142171161324,-0.5947142171161324,0.0375,0.03038578124738025,-0.00711421875261974,0.25,0.1682027583134648,-0.08179724168653521,5,2.536836517937638,-2.463163482062362,1.5,1.4976870310499129,-0.00231296895008714,0.8,0.9686041186537188,0.16860411865371872,1.0682380143337138,0.5327349824880258,1.1676206532141735,-1.7925821305300955,-1.8925775048258373,-1.8925775048258373,NA,ok,CONVERGENCE: REL_REDUCTION_OF_F <= FACTR*EPSMCH,874.129776;874.130259;874.129933;874.133238;874.129396;874.137466;874.130649;874.130595;874.129539;874.470137;Inf;874.130016;874.129704
grid_n1500_esn_r000_etaSrawm03_etaYrawp03_tau04_selMODERATE,grid_n1500,ESN,39,1500,MODERATE,135,0.09,0.6435006435006435,0.6436490716709108,-1.484281702672785e-4,-788.5007368765943,1599.0014737531883,1657.446898011182,11,TRUE,TRUE,0,5,35959.625,4,3,0,-0.3,0.3,-0.3,0.3,0.4,0.4,NA,3.869263677548897,-0.5822071056853836,0.5253125956721325,-1.491098260832864,1.421455107338016,1.421455107338016,NA,-1.25,-1.5273248590116115,-0.2773248590116115,0.0375,0.00888036387755313,-0.02861963612244686,0.25,0.1885653975492158,-0.06143460245078419,5,10.94416695256304,5.944166952563041,1.5,1.3759567654724372,-0.12404323452756284,0.8,0.7412046233397023,-0.05879537666029777,0.8692636775488971,-0.5822071056853836,0.8253125956721326,-1.791098260832864,1.0214551073380158,1.0214551073380158,NA,ok,CONVERGENCE: REL_REDUCTION_OF_F <= FACTR*EPSMCH,788.820701;788.8228;788.82228;788.819514;788.500737;788.821448;788.818066;788.50228;788.551181;788.744509;788.502432;788.823776;788.819723
grid_n1500_esn_r000_etaSrawm03_etaYrawp03_tau04_selMODERATE,grid_n1500,ESN,40,1500,MODERATE,135,0.09,0.6437768240343348,0.6436490716709108,1.277523634239941e-4,-777.7375399044031,1577.4750798088062,1635.9205040667996,11,TRUE,TRUE,0,11,31035.138,4,3,0,-0.3,0.3,-0.3,0.3,0.4,0.4,NA,3.3832244962646905,-0.3786436860004812,1.2925532454211806,-0.9397212956389136,-1.490564303445507,-1.490564303445507,NA,-1.25,-2.1925093887360085,-0.9425093887360084,0.0375,0.0318688659132191,-0.00563113408678089,0.25,0.3051302714014442,0.05513027140144422,5,9.616728641744452,4.6167286417444515,1.5,1.532809157185029,0.03280915718502908,0.8,0.642546228460116,-0.15745377153988405,0.38322449626469046,-0.3786436860004812,1.5925532454211806,-1.2397212956389136,-1.8905643034455069,-1.8905643034455069,NA,ok,CONVERGENCE: REL_REDUCTION_OF_F <= FACTR*EPSMCH,778.178434;778.178499;778.026487;778.179062;777.904316;778.178408;778.1799;777.906649;777.901952;778.180306;777.73754;777.746229;778.178436
grid_n1500_esn_r000_etaSrawm03_etaYrawp03_tau04_selMODERATE,grid_n1500,ESN,41,1500,MODERATE,132,0.088,0.6366723259762309,0.6436490716709108,-0.00697674569467987,-759.2089377656555,1540.417875531311,1598.8632997893044,11,TRUE,TRUE,0,8,45199.417,4,3,0,-0.3,0.3,-0.3,0.3,0.4,0.4,NA,4.708047131644633,0.8025310014117539,-1.4231664154334025,1.4925821305300957,1.4838128643449997,1.4838128643449997,NA,-1.25,-1.0620136460115457,0.18798635398845456,0.0375,-0.0112308487371794,-0.04873084873717941,0.25,0.22302839250017617,-0.02697160749982385,5,-1.4305994308466938,-6.430599430846694,1.5,1.0567140633326262,-0.4432859366673738,0.8,0.8632746258770303,0.06327462587703025,1.7080471316446326,0.8025310014117539,-1.1231664154334025,1.1925821305300957,1.0838128643449996,1.0838128643449996,NA,ok,CONVERGENCE: REL_REDUCTION_OF_F <= FACTR*EPSMCH,759.760775;759.681761;759.646438;759.210751;759.7809;759.211644;759.658905;759.208938;759.767853;759.212968;759.513671;Inf;759.750974
grid_n1500_esn_r000_etaSrawm03_etaYrawp03_tau04_selMODERATE,grid_n1500,ESN,42,1500,MODERATE,164,0.10933333333333334,0.6459948320413437,0.6436490716709108,0.00234576037043288,-914.626808792558,1851.253617585116,1909.6990418431096,11,TRUE,TRUE,0,6,32868.096999999994,4,3,0,-0.3,0.3,-0.3,0.3,0.4,0.4,NA,3.9045024832690856,-0.06995513704752938,0.16740466602413645,-1.1418848900313208,-1.472280595756703,-1.472280595756703,NA,-1.25,-1.572526318107434,-0.32252631810743404,0.0375,0.04442099760550856,0.00692099760550856,0.25,0.32324891214637874,0.07324891214637874,5,10.75711794112464,5.757117941124639,1.5,1.1842366478993056,-0.3157633521006944,0.8,0.6770557213132082,-0.1229442786867918,0.9045024832690856,-0.06995513704752938,0.4674046660241365,-1.4418848900313208,-1.872280595756703,-1.872280595756703,NA,ok,CONVERGENCE: REL_REDUCTION_OF_F <= FACTR*EPSMCH,914.96225;914.963099;914.685133;914.967979;914.686436;914.626809;914.965021;914.684045;914.682767;914.636725;914.680927;914.962665;914.962046
grid_n1500_esn_r000_etaSrawm03_etaYrawp03_tau04_selMODERATE,grid_n1500,ESN,43,1500,MODERATE,146,0.09733333333333331,0.6391137622496804,0.6436490716709108,-0.00453530942123037,-817.6740872529248,1657.3481745058496,1715.793598763843,11,TRUE,TRUE,0,3,41384.08900000001,4,3,0,-0.3,0.3,-0.3,0.3,0.4,0.4,NA,3.6514651534998217,-0.5318741055728249,-1.4925821305300957,0.8618354253136014,1.484378051296334,1.484378051296334,NA,-1.25,-0.9289485576898204,0.32105144231017946,0.0375,0.03469949838870079,-0.0028005016112992,0.25,0.20683937441290948,-0.04316062558709052,5,6.397086158519343,1.3970861585193433,1.5,1.4341907477971134,-0.06580925220288658,0.8,0.5887226295368535,-0.21127737046314657,0.6514651534998217,-0.5318741055728249,-1.1925821305300957,0.5618354253136013,1.084378051296334,1.084378051296334,NA,ok,CONVERGENCE: REL_REDUCTION_OF_F <= FACTR*EPSMCH,817.675769;817.67512;817.674087;817.674487;817.794074;817.684561;817.678014;817.783377;817.862141;817.677498;817.786927;817.677148;817.85067
grid_n1500_esn_r000_etaSrawm03_etaYrawp03_tau04_selMODERATE,grid_n1500,ESN,44,1500,MODERATE,158,0.10533333333333332,0.6358626536668079,0.6436490716709108,-0.00778641800410284,-878.7979239573265,1779.595847914653,1838.0412721726464,11,TRUE,TRUE,0,4,19773.097,4,3,0,-0.3,0.3,-0.3,0.3,0.4,0.4,NA,2.835097726385853,0.16989512578793614,1.4178571583940434,1.4925821305300957,1.4841953746586805,1.4841953746586805,NA,-1.25,-1.5928503521302046,-0.34285035213020465,0.0375,0.01385954705209893,-0.02364045294790107,0.25,0.3285307006729017,0.07853070067290169,5,4.727185957354629,-0.2728140426453711,1.5,1.7226197871037168,0.22261978710371677,0.8,0.9451727937127002,0.1451727937127002,-0.164902273614147,0.16989512578793614,1.7178571583940434,1.1925821305300957,1.0841953746586803,1.0841953746586803,NA,ok,CONVERGENCE: REL_REDUCTION_OF_F <= FACTR*EPSMCH,879.115537;879.115561;879.115495;878.797924;879.113126;878.804152;879.115654;879.113022;879.113622;879.050768;878.997567;879.115667;879.115535
grid_n1500_esn_r000_etaSrawm03_etaYrawp03_tau04_selMODERATE,grid_n1500,ESN,45,1500,MODERATE,146,0.09733333333333331,0.6610841780520053,0.6436490716709108,0.01743510638109446,-830.2715390232394,1682.5430780464787,1740.988502304472,11,TRUE,TRUE,0,12,45201.228,4,3,0,-0.3,0.3,-0.3,0.3,0.4,0.4,NA,3.525876882031021,-0.09885161083556109,0.8995361314961348,-1.1559632512679463,-1.4605171981930878,-1.4605171981930878,NA,-1.25,-2.000729864490601,-0.7507298644906011,0.0375,0.05320250307350709,0.01570250307350709,0.25,0.21666631744717033,-0.03333368255282967,5,7.709922311826553,2.7099223118265527,1.5,1.2741963654753763,-0.2258036345246237,0.8,0.6699076241725395,-0.13009237582746058,0.5258768820310209,-0.09885161083556109,1.1995361314961348,-1.4559632512679466,-1.860517198193088,-1.860517198193088,NA,ok,CONVERGENCE: REL_REDUCTION_OF_F <= FACTR*EPSMCH,830.277875;830.272507;830.273224;830.870453;830.275892;830.3574;830.869941;830.272149;830.272974;830.875089;830.27183;830.271539;830.867857
grid_n1500_esn_r000_etaSrawm03_etaYrawp03_tau04_selMODERATE,grid_n1500,ESN,46,1500,MODERATE,157,0.10466666666666669,0.6476683937823834,0.6436490716709108,0.0040193221114726,-881.5907297838454,1785.1814595676908,1843.626883825684,11,TRUE,TRUE,0,11,31807.353,4,3,0,-0.3,0.3,-0.3,0.3,0.4,0.4,NA,3.2601770066969524,0.12510629223609782,0.7732967201742946,1.4925821305300957,0.640133787615788,0.640133787615788,NA,-1.25,-1.616267379164024,-0.36626737916402385,0.0375,0.02170734930317884,-0.01579265069682115,0.25,0.31573600993105244,0.06573600993105244,5,4.576734199849703,-0.4232658001502969,1.5,1.0838700456806554,-0.41612995431934463,0.8,0.8395642103828748,0.03956421038287472,0.26017700669695243,0.12510629223609782,1.073296720174295,1.1925821305300957,0.24013378761578796,0.24013378761578796,NA,ok,CONVERGENCE: REL_REDUCTION_OF_F <= FACTR*EPSMCH,881.594996;881.595897;881.592969;881.593366;881.590925;881.59325;881.592753;881.591447;881.590764;881.593469;881.59073;881.594905;881.593346
grid_n1500_esn_r000_etaSrawm03_etaYrawp03_tau04_selMODERATE,grid_n1500,ESN,47,1500,MODERATE,156,0.104,0.651890482398957,0.6436490716709108,0.00824141072804618,-888.0379022842637,1798.0758045685277,1856.5212288265209,11,TRUE,TRUE,0,12,38333.011,4,3,0,-0.3,0.3,-0.3,0.3,0.4,0.4,NA,3.56833036362503,-0.19321644047144432,0.4979400725420399,1.4925821305300957,1.4865201320851218,1.4865201320851218,NA,-1.25,-1.5032119236756685,-0.25321192367566847,0.0375,0.05959365556242935,0.02209365556242935,0.25,0.28715402642735255,0.03715402642735255,5,7.025952942014898,2.0259529420148983,1.5,1.4063450125309107,-0.09365498746908928,0.8,0.5910361681615227,-0.20896383183847733,0.5683303636250301,-0.19321644047144432,0.7979400725420399,1.1925821305300957,1.0865201320851217,1.0865201320851217,NA,ok,CONVERGENCE: REL_REDUCTION_OF_F <= FACTR*EPSMCH,888.03968;888.041587;888.043141;888.333547;888.040387;888.355293;888.33484;888.044018;888.040112;888.339377;888.416314;888.037902;888.047285
grid_n1500_esn_r000_etaSrawm03_etaYrawp03_tau04_selMODERATE,grid_n1500,ESN,48,1500,MODERATE,141,0.094,0.6310475389145982,0.6436490716709108,-0.01260153275631259,-807.4875007758658,1636.9750015517316,1695.420425809725,11,TRUE,TRUE,0,11,28844.382,4,3,0,-0.3,0.3,-0.3,0.3,0.4,0.4,NA,3.103767175910848,0.18539276163203444,1.4792335562743113,1.4925821305300957,0.8924390668304872,0.8924390668304872,NA,-1.25,-1.744335905447222,-0.49433590544722206,0.0375,0.03708678289311089,-4.132171068891022e-4,0.25,0.3511750133805808,0.10117501338058082,5,4.018459994821133,-0.981540005178867,1.5,1.563446198432493,0.063446198432493,0.8,0.778732068836637,-0.021267931163363,0.10376717591084804,0.18539276163203444,1.7792335562743111,1.1925821305300957,0.4924390668304872,0.4924390668304872,NA,ok,CONVERGENCE: REL_REDUCTION_OF_F <= FACTR*EPSMCH,807.852911;807.852335;807.850124;807.851909;807.488101;807.491255;807.850908;807.495173;807.852706;807.490143;807.487501;807.849991;807.851132
grid_n1500_esn_r000_etaSrawm03_etaYrawp03_tau04_selMODERATE,grid_n1500,ESN,49,1500,MODERATE,129,0.086,0.6323777403035413,0.6436490716709108,-0.01127133136736946,-728.7516834795014,1479.5033669590027,1537.948791216996,11,TRUE,TRUE,0,6,37717.821,4,3,0,-0.3,0.3,-0.3,0.3,0.4,0.4,NA,3.1420883169011913,0.43845925898335886,1.4925821305300957,1.4925821305300957,-1.4191508996662492,-1.4191508996662492,NA,-1.25,-2.092189693047263,-0.842189693047263,0.0375,0.04318353570835103,0.00568353570835103,0.25,0.2805568664783692,0.03055686647836919,5,2.0764058862634114,-2.9235941137365886,1.5,1.3122751576255725,-0.18772484237442755,0.8,0.6893587511377173,-0.11064124886228276,0.14208831690119128,0.43845925898335886,1.7925821305300955,1.1925821305300957,-1.819150899666249,-1.819150899666249,NA,ok,CONVERGENCE: REL_REDUCTION_OF_F <= FACTR*EPSMCH,730.345732;730.346164;730.345824;728.753545;730.286961;728.751683;728.758843;728.759672;730.282909;728.929033;728.752063;730.345785;730.345888
grid_n1500_esn_r000_etaSrawm03_etaYrawp03_tau04_selMODERATE,grid_n1500,ESN,50,1500,MODERATE,153,0.102,0.6471095772217429,0.6436490716709108,0.0034605055508321,-853.5342162833491,1729.0684325666982,1787.5138568246916,11,TRUE,TRUE,0,7,38684.836,4,3,0,-0.3,0.3,-0.3,0.3,0.4,0.4,NA,3.2347824579416415,0.16137899845206374,0.45388818613588267,-1.4925821305300957,1.4876811843740758,1.4876811843740758,NA,-1.25,-1.6204023385695177,-0.37040233856951765,0.0375,0.04487643991424164,0.00737643991424164,0.25,0.46819427072211983,0.21819427072211983,5,5.521781635323291,0.5217816353232907,1.5,1.2640589092522438,-0.23594109074775615,0.8,0.8094463268976306,0.00944632689763058,0.23478245794164151,0.16137899845206374,0.7538881861358826,-1.7925821305300955,1.087681184374076,1.087681184374076,NA,ok,CONVERGENCE: REL_REDUCTION_OF_F <= FACTR*EPSMCH,853.536735;853.535325;853.537807;853.541326;853.544062;853.607039;853.534216;853.538375;853.53602;853.607648;853.541913;853.534437;853.536944
grid_n1500_esn_r000_etaSrawm03_etaYrawp03_tau04_selMODERATE,grid_n1500,ESN,51,1500,MODERATE,142,0.09466666666666666,0.6435006435006435,0.6436490716709108,-1.484281702672785e-4,-805.6880500095624,1633.3761000191248,1691.8215242771182,11,TRUE,TRUE,0,5,54879.587,4,3,0,-0.3,0.3,-0.3,0.3,0.4,0.4,NA,6.626985063194788,-0.9021448671527752,-1.4925821305300957,1.0760920375609018,1.4925821305300957,1.4925821305300957,NA,-1.25,-0.954660495780526,0.2953395042194741,0.0375,0.03336803138446877,-0.00413196861553123,0.25,0.20224215678646865,-0.04775784321353138,5,10.8319361262829,5.831936126282901,1.5,1.4602459787645252,-0.03975402123547478,0.8,0.7276319995563872,-0.0723680004436128,3.626985063194789,-0.9021448671527752,-1.1925821305300957,0.7760920375609017,1.0925821305300958,1.0925821305300958,NA,ok,CONVERGENCE: REL_REDUCTION_OF_F <= FACTR*EPSMCH,805.798366;805.777724;805.809194;805.808772;805.68805;805.800233;805.820904;805.688281;805.806408;805.800544;806.13238;805.793209;805.862421
grid_n1500_esn_r000_etaSrawm03_etaYrawp03_tau04_selMODERATE,grid_n1500,ESN,52,1500,MODERATE,155,0.10333333333333332,0.6265664160401002,0.6436490716709108,-0.01708265563081057,-893.3327327719135,1808.665465543827,1867.1108898018203,11,TRUE,TRUE,0,11,35455.484,4,3,0,-0.3,0.3,-0.3,0.3,0.4,0.4,NA,3.6346399652026657,0.48076207982664176,1.434865461736856,1.4571899991490862,1.2374376795928808,1.2374376795928808,NA,-1.25,-1.5536772732579878,-0.30367727325798777,0.0375,0.01095440603279706,-0.02654559396720293,0.25,0.20154526013502627,-0.04845473986497373,5,1.892771480960693,-3.1072285190393067,1.5,1.6816572466458717,0.18165724664587143,0.8,0.9902695892790218,0.1902695892790217,0.6346399652026653,0.48076207982664176,1.7348654617368562,1.1571899991490862,0.8374376795928807,0.8374376795928807,NA,ok,CONVERGENCE: REL_REDUCTION_OF_F <= FACTR*EPSMCH,893.606064;893.608746;893.606167;893.607272;893.605837;893.337362;893.60755;893.605948;893.606397;893.336448;893.332733;893.605868;893.607019
grid_n1500_esn_r000_etaSrawm03_etaYrawp03_tau04_selMODERATE,grid_n1500,ESN,53,1500,MODERATE,138,0.092,0.6426735218508998,0.6436490716709108,-9.755498200110236e-4,-791.1011216779464,1604.2022433558927,1662.647667613886,11,TRUE,TRUE,0,11,22170.561,4,3,0,-0.3,0.3,-0.3,0.3,0.4,0.4,NA,2.902096048535201,0.21387343465388475,1.4915132671155462,1.490678508570472,1.4857204543324485,1.4857204543324485,NA,-1.25,-1.6214664761634463,-0.3714664761634463,0.0375,0.03470128429144983,-0.00279871570855016,0.25,0.23883392227195183,-0.01116607772804814,5,4.797662974063332,-0.2023370259366679,1.5,0.8779693719776425,-0.6220306280223575,0.8,0.8351964346931944,0.03519643469319433,-0.09790395146479902,0.21387343465388475,1.7915132671155465,1.190678508570472,1.0857204543324483,1.0857204543324483,NA,ok,CONVERGENCE: REL_REDUCTION_OF_F <= FACTR*EPSMCH,791.38424;791.383429;791.385887;791.197746;791.383475;791.188263;791.38239;791.190784;791.383685;791.188078;791.101122;791.385007;791.383784
grid_n1500_esn_r000_etaSrawm03_etaYrawp03_tau04_selMODERATE,grid_n1500,ESN,54,1500,MODERATE,130,0.08666666666666667,0.657030223390276,0.6436490716709108,0.01338115171936515,-740.8959282105789,1503.7918564211575,1562.2372806791511,11,TRUE,TRUE,0,6,35100.669,4,3,0,-0.3,0.3,-0.3,0.3,0.4,0.4,NA,3.0390278772643247,0.1610199065474599,1.4925821305300957,1.491005201335704,-1.101839028163244,-1.101839028163244,NA,-1.25,-2.06738875757348,-0.8173887575734802,0.0375,0.04248225216011118,0.00498225216011118,0.25,0.33769633778557656,0.08769633778557656,5,4.265471652751781,-0.7345283472482187,1.5,1.7780527410575298,0.27805274105752975,0.8,0.6296719696414439,-0.17032803035855615,0.03902787726432466,0.1610199065474599,1.7925821305300955,1.191005201335704,-1.501839028163244,-1.501839028163244,NA,ok,CONVERGENCE: REL_REDUCTION_OF_F <= FACTR*EPSMCH,741.6826;741.682868;740.903166;740.902544;741.653381;740.895928;741.683333;741.670757;740.909706;740.897314;741.662136;740.896024;741.682821
grid_n1500_esn_r000_etaSrawm03_etaYrawp03_tau04_selMODERATE,grid_n1500,ESN,55,1500,MODERATE,145,0.09666666666666666,0.6527415143603134,0.6436490716709108,0.00909244268940256,-811.0976488266675,1644.195297653335,1702.6407219113285,11,TRUE,TRUE,0,9,42300.189,4,3,0,-0.3,0.3,-0.3,0.3,0.4,0.4,NA,3.04215695585958,-0.4314655747333702,1.416780151629479,1.4925821305300957,1.275718669349188,1.275718669349188,NA,-1.25,-1.7550345511696808,-0.5050345511696808,0.0375,0.02030647051843777,-0.01719352948156223,0.25,0.4715785240650166,0.2215785240650166,5,8.396468810129532,3.396468810129532,1.5,1.6158027259813252,0.11580272598132524,0.8,0.4444787072554173,-0.3555212927445827,0.04215695585958023,-0.4314655747333702,1.716780151629479,1.1925821305300957,0.875718669349188,0.875718669349188,NA,ok,CONVERGENCE: REL_REDUCTION_OF_F <= FACTR*EPSMCH,811.346798;811.294993;811.35209;811.277868;811.103417;811.281499;811.344429;811.106349;811.097649;811.293576;811.117936;811.285508;811.300155
grid_n1500_esn_r000_etaSrawm03_etaYrawp03_tau04_selMODERATE,grid_n1500,ESN,56,1500,MODERATE,159,0.106,0.6440532417346501,0.6436490716709108,4.041700637392731e-4,-888.9435619108423,1799.8871238216846,1858.332548079678,11,TRUE,TRUE,0,4,26584.701,4,3,0,-0.3,0.3,-0.3,0.3,0.4,0.4,NA,3.1507331963824714,0.3620149684784637,-1.485649746913302,-0.1935072374531467,1.3205329942136528,1.3205329942136528,NA,-1.25,-0.835044295282538,0.414955704717462,0.0375,0.03713381630177699,-3.661836982230063e-4,0.25,0.2614274258860043,0.01142742588600431,5,6.19411523575618,1.19411523575618,1.5,1.161920749593244,-0.338079250406756,0.8,0.4332314714077925,-0.3667685285922076,0.1507331963824714,0.3620149684784637,-1.1856497469133018,-0.49350723745314673,0.9205329942136528,0.9205329942136528,NA,ok,CONVERGENCE: REL_REDUCTION_OF_F <= FACTR*EPSMCH,889.016909;889.015168;889.016798;888.943562;889.016242;888.943853;889.014542;889.017078;889.016315;888.945471;889.010686;889.01658;889.021526
grid_n1500_esn_r000_etaSrawm03_etaYrawp03_tau04_selMODERATE,grid_n1500,ESN,57,1500,MODERATE,153,0.102,0.6448839208942391,0.6436490716709108,0.00123484922332828,-850.6312214393589,1723.2624428787178,1781.7078671367112,11,TRUE,TRUE,0,11,24386.49,4,3,0,-0.3,0.3,-0.3,0.3,0.4,0.4,NA,3.060210643247435,-0.09511765552423387,0.7633080646021286,-1.4925821305300957,1.4925821305300957,1.4925821305300957,NA,-1.25,-1.644510187427649,-0.3945101874276493,0.0375,0.05825572134516482,0.02075572134516482,0.25,0.4262535509917883,0.1762535509917883,5,6.768506574194669,1.768506574194669,1.5,1.772691593016504,0.2726915930165039,0.8,0.7256389251397727,-0.07436107486022736,0.06021064324743497,-0.09511765552423387,1.063308064602129,-1.7925821305300955,1.0925821305300958,1.0925821305300958,NA,ok,CONVERGENCE: REL_REDUCTION_OF_F <= FACTR*EPSMCH,851.377183;851.377091;851.377674;851.374964;850.631401;851.372863;851.376222;850.636373;850.632069;851.355933;850.631221;851.377122;851.377184
grid_n1500_esn_r000_etaSrawm03_etaYrawp03_tau04_selMODERATE,grid_n1500,ESN,58,1500,MODERATE,154,0.10266666666666668,0.6507592190889371,0.6436490716709108,0.00711014741802629,-864.916237184754,1751.832474369508,1810.2778986275016,11,TRUE,TRUE,0,1,40221.111,4,3,0,-0.3,0.3,-0.3,0.3,0.4,0.4,NA,4.0735564042749886,-0.6126555855973422,0.7348944605836991,1.4925821305300957,-1.4808590623112536,-1.4808590623112536,NA,-1.25,-1.8397349678350028,-0.5897349678350028,0.0375,0.01113510574398531,-0.02636489425601468,0.25,0.24527457288411705,-0.00472542711588297,5,8.819901916414532,3.819901916414531,1.5,1.4747209912136128,-0.02527900878638722,0.8,0.930783282935794,0.130783282935794,1.0735564042749886,-0.6126555855973422,1.0348944605836992,1.1925821305300957,-1.8808590623112535,-1.8808590623112535,NA,ok,CONVERGENCE: REL_REDUCTION_OF_F <= FACTR*EPSMCH,864.916237;864.916687;864.920448;864.918704;864.919173;864.918565;864.919508;864.922693;864.917516;864.91886;864.923842;864.917952;864.916968
grid_n1500_esn_r000_etaSrawm03_etaYrawp03_tau04_selMODERATE,grid_n1500,ESN,59,1500,MODERATE,127,0.08466666666666667,0.6377551020408163,0.6436490716709108,-0.00589396963009447,-745.667760569846,1513.335521139692,1571.7809453976854,11,TRUE,TRUE,0,5,47369.498,4,3,0,-0.3,0.3,-0.3,0.3,0.4,0.4,NA,3.7725922239943577,0.4702848750512965,0.06828972174042408,-1.4925821305300957,1.4925821305300957,1.4925821305300957,NA,-1.25,-1.4719301297544594,-0.22193012975445936,0.0375,0.04578959312878093,0.00828959312878092,0.25,0.13732424363722154,-0.11267575636277846,5,4.4829859504514795,-0.5170140495485205,1.5,1.2703376137944262,-0.22966238620557375,0.8,0.4474270344760245,-0.35257296552397555,0.7725922239943577,0.4702848750512965,0.36828972174042407,-1.7925821305300955,1.0925821305300958,1.0925821305300958,NA,ok,CONVERGENCE: REL_REDUCTION_OF_F <= FACTR*EPSMCH,745.671728;745.671633;745.668837;745.733391;745.667761;745.740718;745.769613;745.671902;745.671069;745.73559;745.673553;745.67286;745.66929
grid_n1500_esn_r000_etaSrawm03_etaYrawp03_tau04_selMODERATE,grid_n1500,ESN,60,1500,MODERATE,154,0.10266666666666668,0.6510416666666666,0.6436490716709108,0.00739259499575584,-871.5359006238882,1765.0718012477764,1823.5172255057696,11,TRUE,TRUE,0,2,49482.715,4,3,0,-0.3,0.3,-0.3,0.3,0.4,0.4,NA,3.814598679347681,-0.5462503997472158,1.4925821305300957,1.4221679162190353,-1.4925821305300957,-1.4925821305300957,NA,-1.25,-2.0278037984977413,-0.7778037984977413,0.0375,0.03374392407737758,-0.00375607592262242,0.25,0.2812262645905446,0.03122626459054461,5,9.108204174401852,4.108204174401852,1.5,1.6061223562694782,0.1061223562694782,0.8,1.0569682045100537,0.25696820451005364,0.8145986793476809,-0.5462503997472158,1.7925821305300955,1.1221679162190352,-1.8925821305300956,-1.8925821305300956,NA,ok,CONVERGENCE: REL_REDUCTION_OF_F <= FACTR*EPSMCH,871.536982;871.535901;871.542923;871.551953;871.543657;871.546827;871.537075;871.537507;871.542552;871.981417;Inf;871.542352;871.547655
grid_n1500_esn_r000_etaSrawm03_etaYrawp03_tau04_selMODERATE,grid_n1500,ESN,61,1500,MODERATE,137,0.09133333333333334,0.6385696040868455,0.6436490716709108,-0.0050794675840653,-789.6821907871825,1601.364381574365,1659.8098058323585,11,TRUE,TRUE,0,6,37574.239,4,3,0,-0.3,0.3,-0.3,0.3,0.4,0.4,NA,4.122606739055478,-0.12947435980318694,-1.4796639252876012,1.4916333008274407,1.4925821305300957,1.4925821305300957,NA,-1.25,-1.09830518156823,0.15169481843177013,0.0375,0.04580941538154377,0.00830941538154377,0.25,0.3185316181909421,0.06853161819094211,5,3.0947132095152807,-1.9052867904847193,1.5,1.5099210572591928,0.00992105725919279,0.8,0.9250800967845976,0.12508009678459742,1.1226067390554784,-0.12947435980318694,-1.1796639252876011,1.191633300827441,1.0925821305300958,1.0925821305300958,NA,ok,CONVERGENCE: REL_REDUCTION_OF_F <= FACTR*EPSMCH,790.762089;790.762898;790.76224;789.692693;790.761699;789.682191;790.76326;789.696928;790.762152;789.696674;789.685343;790.764769;790.762758
grid_n1500_esn_r000_etaSrawm03_etaYrawp03_tau04_selMODERATE,grid_n1500,ESN,62,1500,MODERATE,133,0.08866666666666667,0.65302568567697,0.6436490716709108,0.00937661400605915,-767.9486183736907,1557.8972367473814,1616.3426610053748,11,TRUE,TRUE,0,11,63580.253,4,3,0,-0.3,0.3,-0.3,0.3,0.4,0.4,NA,4.625546708505675,-0.48506243521452186,-0.9147877338403736,1.1753023917286554,-1.4844562043953444,-1.4844562043953444,NA,-1.25,-0.6818079643217744,0.5681920356782256,0.0375,0.03867209454950804,0.00117209454950804,0.25,0.3154701110288385,0.06547011102883848,5,1.5779295000149642,-3.422070499985036,1.5,1.2696022080178202,-0.2303977919821798,0.8,0.7571331234878302,-0.0428668765121698,1.6255467085056754,-0.48506243521452186,-0.6147877338403736,0.8753023917286553,-1.8844562043953443,-1.8844562043953443,NA,ok,CONVERGENCE: REL_REDUCTION_OF_F <= FACTR*EPSMCH,767.95483;767.956539;767.955176;767.989926;767.954163;767.959767;767.961352;767.950154;767.956023;767.964077;767.948618;767.967026;767.960994
grid_n1500_esn_r000_etaSrawm03_etaYrawp03_tau04_selMODERATE,grid_n1500,ESN,63,1500,MODERATE,160,0.10666666666666667,0.664599025254763,0.6436490716709108,0.02094995358385221,-885.2691910741707,1792.5383821483415,1850.983806406335,11,TRUE,TRUE,0,9,47016.216,4,3,0,-0.3,0.3,-0.3,0.3,0.4,0.4,NA,3.215977855544817,0.10550769219912162,0.3008155929960091,-1.4925821305300957,1.4925821305300957,1.4925821305300957,NA,-1.25,-1.5243401513896662,-0.27434015138966616,0.0375,0.05045039935060146,0.01295039935060145,0.25,0.3820995726313647,0.13209957263136468,5,5.609003253509574,0.6090032535095737,1.5,1.2971298481559277,-0.2028701518440723,0.8,0.8020729973337695,0.00207299733376942,0.21597785554481683,0.10550769219912162,0.6008155929960091,-1.7925821305300955,1.0925821305300958,1.0925821305300958,NA,ok,CONVERGENCE: REL_REDUCTION_OF_F <= FACTR*EPSMCH,885.272287;885.275502;885.270297;885.269241;885.272066;885.269421;885.272109;885.271215;885.269191;885.2692;885.269222;Inf;885.270359
grid_n1500_esn_r000_etaSrawm03_etaYrawp03_tau04_selMODERATE,grid_n1500,ESN,64,1500,MODERATE,131,0.08733333333333333,0.648508430609598,0.6436490716709108,0.00485935893868716,-758.6046300921263,1539.2092601842526,1597.654684442246,11,TRUE,TRUE,0,9,67514.84,4,3,0,-0.3,0.3,-0.3,0.3,0.4,0.4,NA,3.3483091618688574,-0.44868356126534703,0.5748290214045253,1.4925821305300957,1.482850301951383,1.482850301951383,NA,-1.25,-1.624030411801572,-0.374030411801572,0.0375,0.02163266813070684,-0.01586733186929316,0.25,0.3177956631820225,0.06779566318202251,5,7.111801975427162,2.111801975427162,1.5,1.2992047506482625,-0.2007952493517375,0.8,1.011460080564424,0.211460080564424,0.3483091618688574,-0.44868356126534703,0.8748290214045253,1.1925821305300957,1.082850301951383,1.082850301951383,NA,ok,CONVERGENCE: REL_REDUCTION_OF_F <= FACTR*EPSMCH,758.998829;758.999886;758.605203;758.997607;758.605258;758.997279;Inf;758.741906;758.60463;759.007109;758.914653;758.607088;758.998935
grid_n1500_esn_r000_etaSrawm03_etaYrawp03_tau04_selMODERATE,grid_n1500,ESN,65,1500,MODERATE,168,0.112,0.6479481641468683,0.6436490716709108,0.0042990924759575,-930.9907179272326,1883.9814358544652,1942.4268601124584,11,TRUE,TRUE,0,6,35283.258,4,3,0,-0.3,0.3,-0.3,0.3,0.4,0.4,NA,3.854708232343736,0.6351828476509191,1.4925821305300957,1.4925821305300957,0.1621884254595967,0.1621884254595967,NA,-1.25,-1.7063212720909346,-0.45632127209093465,0.0375,0.03904848591477069,0.00154848591477069,0.25,0.2970805788168739,0.04708057881687388,5,0.545212166271235,-4.454787833728765,1.5,1.6698242441932334,0.1698242441932334,0.8,0.8102867072965981,0.01028670729659808,0.8547082323437363,0.6351828476509191,1.7925821305300955,1.1925821305300957,-0.23781157454040333,-0.23781157454040333,NA,ok,CONVERGENCE: REL_REDUCTION_OF_F <= FACTR*EPSMCH,932.068922;932.065499;932.065454;932.065814;932.068104;930.990718;932.067031;932.063218;932.066011;931.088791;931.000076;932.065611;932.067785
grid_n1500_esn_r000_etaSrawm03_etaYrawp03_tau04_selMODERATE,grid_n1500,ESN,66,1500,MODERATE,151,0.10066666666666668,0.635593220338983,0.6436490716709108,-0.00805585133192776,-858.5887460861352,1739.1774921722704,1797.6229164302638,11,TRUE,TRUE,0,12,60365.061,4,3,0,-0.3,0.3,-0.3,0.3,0.4,0.4,NA,3.8594840168235582,-0.6335120941685265,0.5245999079968996,1.4919612081903812,1.473795996788987,1.473795996788987,NA,-1.25,-1.5125388126244783,-0.26253881262447853,0.0375,0.02558715966864429,-0.0119128403313557,0.25,0.27349682452276447,0.02349682452276447,5,9.77612801767174,4.7761280176717396,1.5,1.7493176181779937,0.2493176181779937,0.8,0.687661039143512,-0.11233896085648808,0.8594840168235587,-0.6335120941685265,0.8245999079968995,1.1919612081903812,1.0737959967889874,1.0737959967889874,NA,ok,CONVERGENCE: REL_REDUCTION_OF_F <= FACTR*EPSMCH,858.993368;858.992563;858.810127;858.926464;858.718977;858.840449;858.965403;858.809409;858.72181;858.935051;858.809229;858.588746;858.84495
grid_n1500_esn_r000_etaSrawm03_etaYrawp03_tau04_selMODERATE,grid_n1500,ESN,67,1500,MODERATE,147,0.098,0.6278777731268314,0.6436490716709108,-0.01577129854407943,-839.1691964804658,1700.3383929609315,1758.783817218925,11,TRUE,TRUE,0,10,46119.258,4,3,0,-0.3,0.3,-0.3,0.3,0.4,0.4,NA,5.064117051909798,-0.6413876752882438,-1.4925821305300957,1.2328910450691126,0.41108527115244153,0.41108527115244153,NA,-1.25,-0.6351857032225456,0.6148142967774544,0.0375,0.04198523816061926,0.00448523816061926,0.25,0.0158765306892572,-0.2341234693107428,5,5.156670888544337,0.15667088854433686,1.5,1.43797361359108,-0.06202638640891989,0.8,0.7384893383009783,-0.06151066169902175,2.0641170519097978,-0.6413876752882438,-1.1925821305300957,0.9328910450691126,0.01108527115244151,0.01108527115244151,NA,ok,CONVERGENCE: REL_REDUCTION_OF_F <= FACTR*EPSMCH,839.171239;839.174865;839.169289;839.169326;839.170129;839.175752;839.174079;839.338661;839.173981;839.169196;839.335777;839.173347;839.174054
grid_n1500_esn_r000_etaSrawm03_etaYrawp03_tau04_selMODERATE,grid_n1500,ESN,68,1500,MODERATE,142,0.09466666666666666,0.6558810668998688,0.6436490716709108,0.01223199522895801,-814.6562172839617,1651.3124345679234,1709.7578588259169,11,TRUE,TRUE,0,9,52247.030000000006,4,3,0,-0.3,0.3,-0.3,0.3,0.4,0.4,NA,3.6693961766178407,0.433581751383912,0.01273132831937257,-1.4925821305300957,1.4925821305300957,1.4925821305300957,NA,-1.25,-1.4669989150470617,-0.21699891504706148,0.0375,0.02170073193077741,-0.01579926806922258,0.25,0.2744867565401722,0.02448675654017218,5,4.192644581733071,-0.8073554182669289,1.5,1.6498465503872557,0.1498465503872557,0.8,0.8350488812046184,0.03504888120461835,0.6693961766178407,0.433581751383912,0.31273132831937256,-1.7925821305300955,1.0925821305300958,1.0925821305300958,NA,ok,CONVERGENCE: REL_REDUCTION_OF_F <= FACTR*EPSMCH,814.662236;814.667141;814.657982;814.66239;814.662654;814.663714;814.658269;814.667865;814.656217;814.788311;Inf;814.656315;814.659374
grid_n1500_esn_r000_etaSrawm03_etaYrawp03_tau04_selMODERATE,grid_n1500,ESN,69,1500,MODERATE,144,0.096,0.6459948320413437,0.6436490716709108,0.00234576037043288,-834.5585694906765,1691.117138981353,1749.5625632393464,11,TRUE,TRUE,0,11,46817.199,4,3,0,-0.3,0.3,-0.3,0.3,0.4,0.4,NA,3.486875064611467,-0.31266467196900344,1.42019730270871,1.4925821305300957,0.09513722416843068,0.09513722416843068,NA,-1.25,-1.787490073548097,-0.537490073548097,0.0375,0.02719721761303732,-0.01030278238696267,0.25,0.2891804529446873,0.0391804529446873,5,7.375576818211835,2.375576818211835,1.5,1.003913777506048,-0.496086222493952,0.8,0.9135920200208112,0.11359202002081116,0.4868750646114668,-0.31266467196900344,1.72019730270871,1.1925821305300957,-0.30486277583156934,-0.30486277583156934,NA,ok,CONVERGENCE: REL_REDUCTION_OF_F <= FACTR*EPSMCH,834.630906;834.630593;834.559765;834.573567;834.559167;834.560725;834.628566;834.564085;834.55997;834.630048;834.558569;834.559312;834.638694
grid_n1500_esn_r000_etaSrawm03_etaYrawp03_tau04_selMODERATE,grid_n1500,ESN,70,1500,MODERATE,161,0.10733333333333334,0.6681514476614699,0.6436490716709108,0.02450237599055915,-910.1142739261333,1842.2285478522665,1900.67397211026,11,TRUE,TRUE,0,11,17058.369,4,3,0,-0.3,0.3,-0.3,0.3,0.4,0.4,NA,3.19087490712463,0.05904583547094796,1.4253052657450187,1.4925821305300957,0.0444488803868661,0.0444488803868661,NA,-1.25,-1.629203007446698,-0.3792030074466979,0.0375,0.03168272710455069,-0.0058172728954493,0.25,0.09480781548214023,-0.15519218451785977,5,4.709781648443035,-0.2902183515569652,1.5,1.6720678461849805,0.17206784618498028,0.8,0.8955967632977414,0.09559676329774136,0.19087490712463007,0.05904583547094796,1.7253052657450187,1.1925821305300957,-0.3555511196131339,-0.3555511196131339,NA,ok,CONVERGENCE: REL_REDUCTION_OF_F <= FACTR*EPSMCH,910.777462;910.777564;910.77756;910.153303;910.781108;910.1354;910.774689;910.709944;910.779428;910.156963;910.114274;910.777602;910.777481
grid_n1500_esn_r000_etaSrawm03_etaYrawp03_tau04_selMODERATE,grid_n1500,ESN,71,1500,MODERATE,138,0.092,0.6510416666666666,0.6436490716709108,0.00739259499575584,-791.3858355012056,1604.7716710024113,1663.217095260405,11,TRUE,TRUE,0,4,23318.480000000003,4,3,0,-0.3,0.3,-0.3,0.3,0.4,0.4,NA,7.062434618719712,0.9032175049423768,-1.4925821305300957,-0.8970831372759593,0.05717529874081245,0.05717529874081245,NA,-1.25,-0.588509318879561,0.661490681120439,0.0375,0.03099582132165253,-0.00650417867834746,0.25,0.20911653081687448,-0.04088346918312552,5,3.2754116995639926,-1.7245883004360074,1.5,1.4056555678964149,-0.09434443210358512,0.8,0.8711776368733741,0.07117763687337408,4.062434618719712,0.9032175049423768,-1.1925821305300957,-1.1970831372759594,-0.34282470125918757,-0.34282470125918757,NA,ok,CONVERGENCE: REL_REDUCTION_OF_F <= FACTR*EPSMCH,791.493813;791.496566;791.491229;791.385836;791.483893;791.503713;791.401961;791.489434;791.445798;791.49042;791.484622;791.493605;791.491854
grid_n1500_esn_r000_etaSrawm03_etaYrawp03_tau04_selMODERATE,grid_n1500,ESN,72,1500,MODERATE,147,0.098,0.6446067898581865,0.6436490716709108,9.577181872757468e-4,-841.3636916775467,1704.7273833550937,1763.172807613087,11,TRUE,TRUE,0,7,34190.183,4,3,0,-0.3,0.3,-0.3,0.3,0.4,0.4,NA,4.712743245181984,-0.457731289736105,-1.4897961776642696,1.4925821305300957,1.136126698243234,1.136126698243234,NA,-1.25,-0.9302668869408665,0.31973311305913354,0.0375,0.04717366682371551,0.00967366682371551,0.25,0.1959117928205091,-0.05408820717949089,5,4.690996964604856,-0.3090030353951443,1.5,1.6239456859661494,0.1239456859661494,0.8,0.6595889382155717,-0.1404110617844283,1.7127432451819835,-0.457731289736105,-1.1897961776642696,1.1925821305300957,0.7361266982432338,0.7361266982432338,NA,ok,CONVERGENCE: REL_REDUCTION_OF_F <= FACTR*EPSMCH,841.366459;841.366383;841.368997;841.363983;841.368994;841.369125;841.363692;841.370952;841.366149;841.369365;841.369067;841.374254;841.365943
grid_n1500_esn_r000_etaSrawm03_etaYrawp03_tau04_selMODERATE,grid_n1500,ESN,73,1500,MODERATE,140,0.09333333333333334,0.6329113924050633,0.6436490716709108,-0.01073767926584745,-797.6606859817701,1617.3213719635403,1675.7667962215337,11,TRUE,TRUE,0,7,55352.461,4,3,0,-0.3,0.3,-0.3,0.3,0.4,0.4,NA,4.448304676017856,0.7343862587597809,-0.22806134583216073,-1.4925821305300957,1.4925090388034274,1.4925090388034274,NA,-1.25,-1.479916828199796,-0.22991682819979584,0.0375,0.027267348335801,-0.01023265166419899,0.25,0.364326075648128,0.11432607564812802,5,1.3355097506520912,-3.664490249347909,1.5,1.1595768215086646,-0.3404231784913354,0.8,0.89264809824424,0.09264809824423992,1.4483046760178562,0.7343862587597809,0.07193865416783926,-1.7925821305300955,1.092509038803427,1.092509038803427,NA,ok,CONVERGENCE: REL_REDUCTION_OF_F <= FACTR*EPSMCH,797.661674;797.669319;797.661142;797.660913;797.665557;797.661022;797.660686;797.665939;797.668151;797.772304;797.663177;797.660776;797.668955
grid_n1500_esn_r000_etaSrawm03_etaYrawp03_tau04_selMODERATE,grid_n1500,ESN,74,1500,MODERATE,152,0.10133333333333332,0.6396588486140725,0.6436490716709108,-0.00399022305683827,-860.9801526902439,1743.960305380488,1802.4057296384813,11,TRUE,TRUE,0,2,55832.215,4,3,0,-0.3,0.3,-0.3,0.3,0.4,0.4,NA,4.136648719991189,-0.4947386434862199,-1.4908554008655752,0.7848059268711263,1.4925821305300957,1.4925821305300957,NA,-1.25,-0.9760637231461204,0.27393627685387956,0.0375,0.05539218344964664,0.01789218344964664,0.25,0.30524534215839816,0.05524534215839816,5,6.4594714793557,1.4594714793556998,1.5,1.535318682598786,0.03531868259878612,0.8,0.5290025629924532,-0.27099743700754686,1.1366487199911894,-0.4947386434862199,-1.1908554008655752,0.4848059268711263,1.0925821305300958,1.0925821305300958,NA,ok,CONVERGENCE: REL_REDUCTION_OF_F <= FACTR*EPSMCH,860.986904;860.980153;861.261069;860.988039;861.014232;860.99297;860.986408;860.986308;861.331567;860.988028;861.192764;860.982024;861.332784
grid_n1500_esn_r000_etaSrawm03_etaYrawp03_tau04_selMODERATE,grid_n1500,ESN,75,1500,MODERATE,147,0.098,0.6391137622496804,0.6436490716709108,-0.00453530942123037,-832.5158931479256,1687.0317862958511,1745.4772105538443,11,TRUE,TRUE,0,5,31474.479000000003,4,3,0,-0.3,0.3,-0.3,0.3,0.4,0.4,NA,3.2421576300196144,-0.20829186233747213,0.4632093774730379,-1.3878246152256577,1.4321394973881163,1.4321394973881163,NA,-1.25,-1.567067591108478,-0.31706759110847793,0.0375,0.04421454906647434,0.00671454906647434,0.25,0.3307203402166807,0.08072034021668067,5,7.590524791166088,2.5905247911660885,1.5,1.5329245055235536,0.03292450552355364,0.8,0.7388307050827017,-0.06116929491729839,0.24215763001961443,-0.20829186233747213,0.763209377473038,-1.6878246152256575,1.0321394973881164,1.0321394973881164,NA,ok,CONVERGENCE: REL_REDUCTION_OF_F <= FACTR*EPSMCH,832.887586;832.887375;832.888678;832.613175;832.515893;832.601903;832.885951;832.521541;832.522368;832.605263;832.529305;832.887659;832.887516
grid_n1500_esn_r000_etaSrawm03_etaYrawp03_tau04_selMODERATE,grid_n1500,ESN,76,1500,MODERATE,145,0.09666666666666666,0.6323777403035413,0.6436490716709108,-0.01127133136736946,-816.4593826325047,1654.9187652650094,1713.3641895230028,11,TRUE,TRUE,0,8,40056.719,4,3,0,-0.3,0.3,-0.3,0.3,0.4,0.4,NA,4.262796941345605,-0.5198110682370114,-1.4905560719248612,1.4925821305300957,1.4925821305300957,1.4925821305300957,NA,-1.25,-0.9619372790367212,0.2880627209632789,0.0375,0.04660009948276669,0.00910009948276668,0.25,0.14369822833598855,-0.10630177166401145,5,5.166550707862998,0.16655070786299842,1.5,1.424898253332721,-0.07510174666727898,0.8,1.05771664881389,0.25771664881389,1.2627969413456048,-0.5198110682370114,-1.1905560719248611,1.1925821305300957,1.0925821305300958,1.0925821305300958,NA,ok,CONVERGENCE: REL_REDUCTION_OF_F <= FACTR*EPSMCH,816.460183;816.463392;816.462521;816.459392;816.467957;816.461511;816.466275;816.459383;816.462481;816.466693;816.463226;816.47482;816.463613
grid_n1500_esn_r000_etaSrawm03_etaYrawp03_tau04_selMODERATE,grid_n1500,ESN,77,1500,MODERATE,149,0.09933333333333332,0.6421232876712328,0.6436490716709108,-0.00152578399967795,-857.3768671285604,1736.7537342571209,1795.1991585151145,11,TRUE,TRUE,0,10,33548.001,4,3,0,-0.3,0.3,-0.3,0.3,0.4,0.4,NA,3.5179310946155553,0.33305770754353,0.2695627800138567,0.9507846486934722,1.3140859069347737,1.3140859069347737,NA,-1.25,-1.5041524111019375,-0.25415241110193754,0.0375,0.03123004538661443,-0.00626995461338556,0.25,0.30577907785706837,0.05577907785706837,5,3.362645543961697,-1.6373544560383029,1.5,1.7048600931241864,0.2048600931241864,0.8,0.7573257992947566,-0.04267420070524341,0.5179310946155553,0.33305770754353,0.5695627800138567,0.6507846486934723,0.9140859069347737,0.9140859069347737,NA,ok,CONVERGENCE: REL_REDUCTION_OF_F <= FACTR*EPSMCH,857.512861;857.512348;857.516317;857.513847;857.511669;857.51819;857.512651;857.37885;857.511705;857.376867;857.412641;857.512296;857.51212
grid_n1500_esn_r000_etaSrawm03_etaYrawp03_tau04_selMODERATE,grid_n1500,ESN,78,1500,MODERATE,149,0.09933333333333332,0.6369426751592356,0.6436490716709108,-0.00670639651167515,-838.5894599564276,1699.1789199128552,1757.6243441708486,11,TRUE,TRUE,0,9,53085.346,4,3,0,-0.3,0.3,-0.3,0.3,0.4,0.4,NA,3.9554080093275825,-0.14827783316499885,0.08275100622726973,-1.4925821305300957,-1.4925821305300957,-1.4925821305300957,NA,-1.25,-1.4884787126742118,-0.23847871267421183,0.0375,0.02181087501647079,-0.0156891249835292,0.25,0.2533437499412657,0.00334374994126568,5,10.8477378714245,5.847737871424501,1.5,0.9871483511866856,-0.5128516488133144,0.8,0.9767938323666936,0.17679383236669344,0.9554080093275824,-0.14827783316499885,0.3827510062272697,-1.7925821305300955,-1.8925821305300956,-1.8925821305300956,NA,ok,CONVERGENCE: REL_REDUCTION_OF_F <= FACTR*EPSMCH,838.726578;839.534386;838.593981;839.534099;838.59488;838.591619;838.725284;838.591102;838.58946;Inf;838.603334;839.531048;838.725875
grid_n1500_esn_r000_etaSrawm03_etaYrawp03_tau04_selMODERATE,grid_n1500,ESN,79,1500,MODERATE,162,0.108,0.631578947368421,0.6436490716709108,-0.01207012430248977,-896.615212065581,1815.230424131162,1873.6758483891551,11,TRUE,TRUE,0,12,42129.704,4,3,0,-0.3,0.3,-0.3,0.3,0.4,0.4,NA,3.816545374548687,0.5449909133727066,-0.36016619388148563,-1.4925821305300957,1.4925821305300957,1.4925821305300957,NA,-1.25,-1.2809554440740747,-0.03095544407407469,0.0375,0.03425384642792024,-0.00324615357207976,0.25,0.2162634677191967,-0.03373653228080331,5,3.32057452340367,-1.67942547659633,1.5,1.2961639515329906,-0.20383604846700945,0.8,0.9546932621878136,0.15469326218781343,0.8165453745486868,0.5449909133727066,-0.06016619388148564,-1.7925821305300955,1.0925821305300958,1.0925821305300958,NA,ok,CONVERGENCE: REL_REDUCTION_OF_F <= FACTR*EPSMCH,896.616026;896.619476;896.622033;896.654537;896.615301;896.664972;896.64296;896.62004;896.617736;896.660285;896.615853;896.615212;896.620907
grid_n1500_esn_r000_etaSrawm03_etaYrawp03_tau04_selMODERATE,grid_n1500,ESN,80,1500,MODERATE,169,0.11266666666666666,0.6437768240343348,0.6436490716709108,1.277523634239941e-4,-942.8991978544929,1907.7983957089857,1966.2438199669791,11,TRUE,TRUE,0,11,29972.230000000003,4,3,0,-0.3,0.3,-0.3,0.3,0.4,0.4,NA,3.4579440028703012,-0.4596251672927996,1.4920139815947118,-1.4925821305300957,1.4703569655370885,1.4703569655370885,NA,-1.25,-1.5491747919630967,-0.2991747919630967,0.0375,0.05347649536506531,0.01597649536506531,0.25,0.28574569619997536,0.03574569619997536,5,7.9438155177166,2.9438155177166,1.5,1.5841772344211384,0.08417723442113845,0.8,1.127031418482942,0.3270314184829419,0.4579440028703013,-0.4596251672927996,1.7920139815947118,-1.7925821305300955,1.0703569655370884,1.0703569655370884,NA,ok,CONVERGENCE: REL_REDUCTION_OF_F <= FACTR*EPSMCH,943.6696;943.673892;943.668776;943.671192;943.387315;943.671253;943.672463;943.38738;943.391129;943.670113;942.899198;943.670301;943.670859
grid_n1500_esn_r000_etaSrawm03_etaYrawp03_tau04_selMODERATE,grid_n1500,ESN,81,1500,MODERATE,138,0.092,0.6353240152477764,0.6436490716709108,-0.00832505642313441,-801.3380593404449,1624.67611868089,1683.1215429388833,11,TRUE,TRUE,0,6,21173.336,4,3,0,-0.3,0.3,-0.3,0.3,0.4,0.4,NA,3.6587719917119306,0.24835492678561888,1.3249188232844606,1.3942511779078344,-1.4189698503368704,-1.4189698503368704,NA,-1.25,-1.9445060638719889,-0.6945060638719887,0.0375,0.0558821195447833,0.0183821195447833,0.25,0.05955804724581014,-0.19044195275418985,5,2.9831746055413015,-2.0168253944586985,1.5,1.5295528297996008,0.02955282979960083,0.8,0.7888945260003966,-0.01110547399960348,0.6587719917119306,0.24835492678561888,1.6249188232844607,1.0942511779078343,-1.8189698503368703,-1.8189698503368703,NA,ok,CONVERGENCE: REL_REDUCTION_OF_F <= FACTR*EPSMCH,802.088135;802.087801;802.088175;801.343877;802.088157;801.338059;802.087329;802.088573;802.087768;801.348941;802.087434;802.089129;802.08757
grid_n1500_esn_r000_etaSrawm03_etaYrawp03_tau04_selMODERATE,grid_n1500,ESN,82,1500,MODERATE,146,0.09733333333333331,0.6462731581214993,0.6436490716709108,0.00262408645058853,-817.8271512438401,1657.6543024876803,1716.0997267456737,11,TRUE,TRUE,0,1,28419.619,4,3,0,-0.3,0.3,-0.3,0.3,0.4,0.4,NA,6.224672977492477,-0.910217107322212,-1.0822297936673406,0.5924335224373011,-0.8065963345626308,-0.8065963345626308,NA,-1.25,-0.45658417890348446,0.7934158210965155,0.0375,0.02891570938235766,-0.00858429061764233,0.25,0.35157234437518303,0.10157234437518305,5,6.117721907532671,1.1177219075326708,1.5,1.4964907137812418,-0.00350928621875823,0.8,0.8147001867635714,0.01470018676357132,3.224672977492477,-0.910217107322212,-0.7822297936673406,0.2924335224373011,-1.2065963345626307,-1.2065963345626307,NA,ok,CONVERGENCE: REL_REDUCTION_OF_F <= FACTR*EPSMCH,817.827151;817.845076;817.829372;817.834098;817.849443;817.881448;817.834859;817.846977;817.845086;817.842136;817.847448;817.844616;817.835075
grid_n1500_esn_r000_etaSrawm03_etaYrawp03_tau04_selMODERATE,grid_n1500,ESN,83,1500,MODERATE,143,0.09533333333333334,0.6391137622496804,0.6436490716709108,-0.00453530942123037,-832.2052315156078,1686.4104630312156,1744.855887289209,11,TRUE,TRUE,0,9,70567.284,4,3,0,-0.3,0.3,-0.3,0.3,0.4,0.4,NA,4.3297267448371946,-0.6123735501368825,0.09919283037917805,1.4925821305300957,1.4925821305300957,1.4925821305300957,NA,-1.25,-1.4894323026646847,-0.2394323026646847,0.0375,0.01988459137973153,-0.01761540862026846,0.25,0.288312526325555,0.03831252632555498,5,10.034251977046488,5.0342519770464875,1.5,1.816758818094598,0.31675881809459794,0.8,0.6521835222664223,-0.14781647773357776,1.3297267448371946,-0.6123735501368825,0.399192830379178,1.1925821305300957,1.0925821305300958,1.0925821305300958,NA,ok,CONVERGENCE: REL_REDUCTION_OF_F <= FACTR*EPSMCH,832.368242;832.329902;832.378969;832.329849;832.206119;832.329425;Inf;832.206992;832.205232;832.329669;832.600305;832.205618;832.36955
grid_n1500_esn_r000_etaSrawm03_etaYrawp03_tau04_selMODERATE,grid_n1500,ESN,84,1500,MODERATE,156,0.104,0.6410256410256411,0.6436490716709108,-0.0026234306452697,-877.933044689851,1777.866089379702,1836.3115136376955,11,TRUE,TRUE,0,2,41417.793000000005,4,3,0,-0.3,0.3,-0.3,0.3,0.4,0.4,NA,3.663659983738917,0.17548859269981995,-0.3587610949930414,-1.492198469185003,1.4925821305300957,1.4925821305300957,NA,-1.25,-1.3457806810887447,-0.09578068108874473,0.0375,0.04176756313042996,0.00426756313042996,0.25,0.29506398084191404,0.04506398084191404,5,6.55828266462249,1.5582826646224897,1.5,1.3507949470398863,-0.14920505296011366,0.8,0.8568838394553664,0.05688383945536635,0.663659983738917,0.17548859269981995,-0.05876109499304138,-1.792198469185003,1.0925821305300958,1.0925821305300958,NA,ok,CONVERGENCE: REL_REDUCTION_OF_F <= FACTR*EPSMCH,877.933886;877.933045;877.938446;877.933069;877.936426;877.933151;877.934345;877.935626;877.940477;877.934317;877.933566;877.93692;877.933649
grid_n1500_esn_r000_etaSrawm03_etaYrawp03_tau04_selMODERATE,grid_n1500,ESN,85,1500,MODERATE,146,0.09733333333333331,0.6374840628984275,0.6436490716709108,-0.00616500877248327,-841.5889180994805,1705.177836198961,1763.6232604569543,11,TRUE,TRUE,0,5,41614.731,4,3,0,-0.3,0.3,-0.3,0.3,0.4,0.4,NA,3.43103940309864,-0.2243486018501815,1.234280306478031,1.4925821305300957,-0.3168310003342162,-0.3168310003342162,NA,-1.25,-1.7649983021162194,-0.5149983021162194,0.0375,0.03278123161096302,-0.00471876838903697,0.25,0.18300169529697535,-0.06699830470302465,5,7.070788820380199,2.0707888203801987,1.5,1.7637083750401563,0.26370837504015654,0.8,0.7784908038519199,-0.02150919614808011,0.43103940309864,-0.2243486018501815,1.534280306478031,1.1925821305300957,-0.7168310003342162,-0.7168310003342162,NA,ok,CONVERGENCE: REL_REDUCTION_OF_F <= FACTR*EPSMCH,841.597612;841.588999;841.596574;841.590232;841.588918;841.58944;841.589473;841.591134;841.590104;841.589838;841.589378;841.594796;841.591541
grid_n1500_esn_r000_etaSrawm03_etaYrawp03_tau04_selMODERATE,grid_n1500,ESN,86,1500,MODERATE,133,0.08866666666666667,0.6382978723404256,0.6436490716709108,-0.00535119933048522,-763.5242035107947,1549.0484070215894,1607.4938312795828,11,TRUE,TRUE,0,11,48087.641,4,3,0,-0.3,0.3,-0.3,0.3,0.4,0.4,NA,3.310144990606573,0.3549125482323623,0.5245313953234402,1.4925821305300957,0.9424056778300662,0.9424056778300662,NA,-1.25,-1.6148823426440089,-0.36488234264400865,0.0375,0.03922874984255414,0.00172874984255414,0.25,0.26065795161362426,0.01065795161362426,5,3.2830385849835877,-1.7169614150164123,1.5,1.7624207865846595,0.2624207865846595,0.8,0.6800763657761014,-0.11992363422389862,0.31014499060657297,0.3549125482323623,0.8245313953234401,1.1925821305300957,0.5424056778300662,0.5424056778300662,NA,ok,CONVERGENCE: REL_REDUCTION_OF_F <= FACTR*EPSMCH,764.340817;764.339221;765.290185;763.527651;764.333976;763.527874;764.331423;763.524658;764.337095;763.527921;763.524204;Inf;764.337187
grid_n1500_esn_r000_etaSrawm03_etaYrawp03_tau04_selMODERATE,grid_n1500,ESN,87,1500,MODERATE,141,0.094,0.6396588486140725,0.6436490716709108,-0.00399022305683827,-811.5543784073236,1645.1087568146472,1703.5541810726406,11,TRUE,TRUE,0,13,56952.613,4,3,0,-0.3,0.3,-0.3,0.3,0.4,0.4,NA,4.783581278965416,-0.6532397190821354,-1.4925821305300957,1.0182979958657046,1.490461477652518,1.490461477652518,NA,-1.25,-0.9571379475717786,0.2928620524282214,0.0375,0.04363903654596986,0.00613903654596986,0.25,0.19296786479954856,-0.05703213520045142,5,6.403959494505371,1.4039594945053713,1.5,1.400215380019728,-0.0997846199802721,0.8,1.0659490193461458,0.2659490193461458,1.783581278965416,-0.6532397190821354,-1.1925821305300957,0.7182979958657045,1.090461477652518,1.090461477652518,NA,ok,CONVERGENCE: REL_REDUCTION_OF_F <= FACTR*EPSMCH,811.558617;811.554997;811.58859;811.571061;811.565959;811.580658;811.556837;811.554806;Inf;811.562295;811.954526;811.567522;811.554378
grid_n1500_esn_r000_etaSrawm03_etaYrawp03_tau04_selMODERATE,grid_n1500,ESN,88,1500,MODERATE,132,0.088,0.6342494714587738,0.6436490716709108,-0.00939960021213703,-757.799445288159,1537.598890576318,1596.0443148343113,11,TRUE,TRUE,0,4,43855.85,4,3,0,-0.3,0.3,-0.3,0.3,0.4,0.4,NA,3.1159602272657065,0.1413634061205612,0.35475822169057575,-1.4923497780924533,1.4925821305300957,1.4925821305300957,NA,-1.25,-1.5846542944953688,-0.33465429449536876,0.0375,0.0396079415197049,0.00210794151970489,0.25,0.3060084698972671,0.0560084698972671,5,5.399946782204316,0.39994678220431634,1.5,1.637055859735518,0.13705585973551804,0.8,0.9224894655297028,0.12248946552970276,0.11596022726570654,0.1413634061205612,0.6547582216905757,-1.792349778092453,1.0925821305300958,1.0925821305300958,NA,ok,CONVERGENCE: REL_REDUCTION_OF_F <= FACTR*EPSMCH,757.803059;757.803796;757.801543;757.799445;757.806595;757.80187;757.800477;757.803837;757.800305;758.115094;757.801172;757.802509;757.805235
grid_n1500_esn_r000_etaSrawm03_etaYrawp03_tau04_selMODERATE,grid_n1500,ESN,89,1500,MODERATE,145,0.09666666666666666,0.6410256410256411,0.6436490716709108,-0.0026234306452697,-825.2775450819453,1672.5550901638906,1731.000514421884,11,TRUE,TRUE,0,2,36342.134,4,3,0,-0.3,0.3,-0.3,0.3,0.4,0.4,NA,2.969762443794256,0.08527854471319583,1.0610966831425896,-1.4925821305300957,1.4043228482358276,1.4043228482358276,NA,-1.25,-1.5061429906124677,-0.2561429906124675,0.0375,0.05192956880184708,0.01442956880184707,0.25,0.10385139744560258,-0.14614860255439743,5,5.699659330624642,0.6996593306246419,1.5,1.5079891179966185,0.0079891179966185,0.8,0.7173918687500973,-0.08260813124990274,-0.03023755620574419,0.08527854471319583,1.3610966831425897,-1.7925821305300955,1.0043228482358275,1.0043228482358275,NA,ok,CONVERGENCE: REL_REDUCTION_OF_F <= FACTR*EPSMCH,825.277608;825.277545;825.2832;825.278579;825.283106;825.284319;825.278447;825.282589;825.284953;825.27933;825.28515;825.281906;825.281492
grid_n1500_esn_r000_etaSrawm03_etaYrawp03_tau04_selMODERATE,grid_n1500,ESN,90,1500,MODERATE,134,0.08933333333333333,0.6429489927132448,0.6436490716709108,-7.000789576659949e-4,-787.8387029602696,1597.6774059205393,1656.1228301785327,11,TRUE,TRUE,0,8,50453.214,4,3,0,-0.3,0.3,-0.3,0.3,0.4,0.4,NA,4.129047359626966,-0.14667466394433987,-1.4925821305300957,1.0710377094477683,0.14867533178271297,0.14867533178271297,NA,-1.25,-0.6913339290215599,0.5586660709784401,0.0375,0.03528573685577018,-0.00221426314422981,0.25,0.22656054977032913,-0.02343945022967086,5,2.5289052335960616,-2.4710947664039384,1.5,1.298197127532259,-0.20180287246774095,0.8,0.7907291847163682,-0.00927081528363182,1.1290473596269663,-0.14667466394433987,-1.1925821305300957,0.7710377094477685,-0.25132466821728705,-0.25132466821728705,NA,ok,CONVERGENCE: REL_REDUCTION_OF_F <= FACTR*EPSMCH,787.949766;787.94968;787.979638;787.938967;787.979554;787.940684;787.975482;787.838703;787.999056;787.931678;Inf;787.944764;787.998029
grid_n1500_esn_r000_etaSrawm03_etaYrawp03_tau04_selMODERATE,grid_n1500,ESN,91,1500,MODERATE,168,0.112,0.6538796861377506,0.6436490716709108,0.01023061446683981,-930.3937505594164,1882.7875011188328,1941.232925376826,11,TRUE,TRUE,0,13,48671.857,4,3,0,-0.3,0.3,-0.3,0.3,0.4,0.4,NA,5.002865182693474,-0.5091207493591431,-0.8554740805562389,1.4906271019452066,-1.4874145399233063,-1.4874145399233063,NA,-1.25,-0.7190231998614085,0.5309768001385915,0.0375,0.03194320227907126,-0.00555679772092873,0.25,0.28156994227481275,0.03156994227481274,5,1.8735059281451707,-3.1264940718548293,1.5,1.670050539289175,0.17005053928917468,0.8,0.8936450647568192,0.09364506475681912,2.0028651826934736,-0.5091207493591431,-0.5554740805562388,1.1906271019452066,-1.8874145399233064,-1.8874145399233064,NA,ok,CONVERGENCE: REL_REDUCTION_OF_F <= FACTR*EPSMCH,930.412201;930.394921;930.399734;930.405809;930.394161;930.398252;930.397452;930.403102;930.395746;930.401007;Inf;930.411413;930.393751
grid_n1500_esn_r000_etaSrawm03_etaYrawp03_tau04_selMODERATE,grid_n1500,ESN,92,1500,MODERATE,155,0.10333333333333332,0.6446067898581865,0.6436490716709108,9.577181872757468e-4,-853.0736060282715,1728.147212056543,1786.5926363145363,11,TRUE,TRUE,0,8,51689.794,4,3,0,-0.3,0.3,-0.3,0.3,0.4,0.4,NA,3.077424525088402,0.41772020713111696,0.3141252661864476,-1.4925821305300957,1.4925821305300957,1.4925821305300957,NA,-1.25,-1.5114460478736924,-0.2614460478736924,0.0375,0.02053633601565623,-0.01696366398434376,0.25,0.34802829528833346,0.09802829528833346,5,4.035733050074108,-0.964266949925892,1.5,1.3676665845180085,-0.1323334154819917,0.8,0.8017481707097047,0.00174817070970467,0.07742452508840181,0.41772020713111696,0.6141252661864476,-1.7925821305300955,1.0925821305300958,1.0925821305300958,NA,ok,CONVERGENCE: REL_REDUCTION_OF_F <= FACTR*EPSMCH,853.077976;853.079757;853.082668;853.077613;853.08569;853.085028;853.080813;853.073606;853.117299;Inf;853.122413;853.100932;853.074862
grid_n1500_esn_r000_etaSrawm03_etaYrawp03_tau04_selMODERATE,grid_n1500,ESN,93,1500,MODERATE,141,0.094,0.6459948320413437,0.6436490716709108,0.00234576037043288,-795.933502251914,1613.867004503828,1672.3124287618214,11,TRUE,TRUE,0,10,29359.339000000004,4,3,0,-0.3,0.3,-0.3,0.3,0.4,0.4,NA,5.741952466164647,0.8415645425678959,-1.4333023327826362,-0.8474358757763852,1.2809819855924127,1.2809819855924127,NA,-1.25,-1.0310223571391728,0.2189776428608272,0.0375,0.03580063079123089,-0.0016993692087691,0.25,0.39324002068164343,0.14324002068164343,5,2.3712691858458776,-2.6287308141541224,1.5,1.514174138143944,0.01417413814394397,0.8,0.8169412252628451,0.01694122526284502,2.741952466164647,0.8415645425678959,-1.133302332782636,-1.1474358757763854,0.8809819855924127,0.8809819855924127,NA,ok,CONVERGENCE: REL_REDUCTION_OF_F <= FACTR*EPSMCH,795.947964;795.958012;795.948445;795.958903;795.949919;795.958067;795.959655;795.951114;795.949581;795.933502;795.948009;795.94528;795.950323
grid_n1500_esn_r000_etaSrawm03_etaYrawp03_tau04_selMODERATE,grid_n1500,ESN,94,1500,MODERATE,162,0.108,0.6564551422319475,0.6436490716709108,0.01280607056103666,-897.9026499778947,1817.8052999557897,1876.2507242137829,11,TRUE,TRUE,0,8,43200.603,4,3,0,-0.3,0.3,-0.3,0.3,0.4,0.4,NA,3.5228490510605175,-0.43452789965775496,-0.10392117831076514,-1.4925821305300957,1.4925821305300957,1.4925821305300957,NA,-1.25,-1.3044780034625123,-0.05447800346251252,0.0375,0.04524035268811968,0.00774035268811968,0.25,0.1482814184531342,-0.1017185815468658,5,9.50853141710805,4.508531417108051,1.5,1.2552564015964878,-0.24474359840351223,0.8,0.5912677453064444,-0.2087322546935556,0.5228490510605175,-0.43452789965775496,0.19607882168923485,-1.7925821305300955,1.0925821305300958,1.0925821305300958,NA,ok,CONVERGENCE: REL_REDUCTION_OF_F <= FACTR*EPSMCH,898.436903;898.982042;898.972649;898.982708;897.905853;898.979962;898.982277;897.90265;897.906773;898.439441;897.902651;898.432477;Inf
grid_n1500_esn_r000_etaSrawm03_etaYrawp03_tau04_selMODERATE,grid_n1500,ESN,95,1500,MODERATE,138,0.092,0.639386189258312,0.6436490716709108,-0.00426288241259875,-790.3430365488609,1602.686073097722,1661.1314973557153,11,TRUE,TRUE,0,3,37986.575,4,3,0,-0.3,0.3,-0.3,0.3,0.4,0.4,NA,3.144970002492863,-0.12609238935452052,1.4381889459690105,-0.8754201292099568,-1.4925821305300957,-1.4925821305300957,NA,-1.25,-2.1921318153249354,-0.9421318153249354,0.0375,0.04916143926581749,0.01166143926581748,0.25,0.2957930864131611,0.0457930864131611,5,6.982996542498312,1.982996542498312,1.5,1.584119163482838,0.08411916348283799,0.8,0.6939687976955282,-0.10603120230447184,0.14497000249286307,-0.12609238935452052,1.7381889459690103,-1.1754201292099569,-1.8925821305300956,-1.8925821305300956,NA,ok,CONVERGENCE: REL_REDUCTION_OF_F <= FACTR*EPSMCH,790.610123;790.610295;790.343037;790.613051;790.352211;790.343361;790.611286;790.34381;790.346232;790.348925;790.346089;790.411627;790.610169
grid_n1500_esn_r000_etaSrawm03_etaYrawp03_tau04_selMODERATE,grid_n1500,ESN,96,1500,MODERATE,160,0.10666666666666667,0.6239600665557404,0.6436490716709108,-0.01968900511517035,-878.1904284265128,1778.3808568530255,1836.826281111019,11,TRUE,TRUE,0,2,49590.31800000001,4,3,0,-0.3,0.3,-0.3,0.3,0.4,0.4,NA,3.5081571558374045,-0.470838099600854,-0.2795597665035564,1.4925821305300957,1.4925821305300957,1.4925821305300957,NA,-1.25,-1.3573068279780731,-0.10730682797807312,0.0375,0.04079470208261481,0.00329470208261481,0.25,0.3103562507300761,0.06035625073007611,5,6.789558191407309,1.789558191407309,1.5,1.5350871637287944,0.03508716372879439,0.8,0.9225266164428972,0.1225266164428972,0.5081571558374045,-0.470838099600854,0.02044023349644358,1.1925821305300957,1.0925821305300958,1.0925821305300958,NA,ok,CONVERGENCE: REL_REDUCTION_OF_F <= FACTR*EPSMCH,878.194923;878.190428;878.190978;878.191698;878.190505;878.193073;878.190964;878.192971;878.19052;878.192015;Inf;878.190478;878.191477
grid_n1500_esn_r000_etaSrawm03_etaYrawp03_tau04_selMODERATE,grid_n1500,ESN,97,1500,MODERATE,163,0.10866666666666666,0.6426735218508998,0.6436490716709108,-9.755498200110236e-4,-913.6916343110504,1849.3832686221008,1907.828692880094,11,TRUE,TRUE,0,4,54001.508,4,3,0,-0.3,0.3,-0.3,0.3,0.4,0.4,NA,3.5201341768843575,0.41422637270130286,1.064099620094998,-1.0318314866549014,-1.4925821305300957,-1.4925821305300957,NA,-1.25,-2.0226666570894203,-0.7726666570894203,0.0375,0.01839798351291995,-0.01910201648708004,0.25,0.2607068541191551,0.01070685411915511,5,3.2176566574263985,-1.7823433425736015,1.5,1.5414492531192978,0.04144925311929781,0.8,0.92268219270019,0.12268219270018987,0.5201341768843575,0.41422637270130286,1.364099620094998,-1.3318314866549017,-1.8925821305300956,-1.8925821305300956,NA,ok,CONVERGENCE: REL_REDUCTION_OF_F <= FACTR*EPSMCH,913.698994;913.693994;913.705758;913.691634;913.691934;913.693937;913.698834;913.721186;913.705886;913.692154;913.692062;913.692201;913.692727
grid_n1500_esn_r000_etaSrawm03_etaYrawp03_tau04_selMODERATE,grid_n1500,ESN,98,1500,MODERATE,159,0.106,0.6541648495420846,0.6436490716709108,0.01051577787117386,-887.8636749346485,1797.727349869297,1856.1727741272905,11,TRUE,TRUE,0,4,59686.706,4,3,0,-0.3,0.3,-0.3,0.3,0.4,0.4,NA,4.263035261656194,0.669616660883011,-0.42302845716141646,-1.4925821305300957,1.4925821305300957,1.4925821305300957,NA,-1.25,-1.276946068616796,-0.02694606861679593,0.0375,0.02052217320681922,-0.01697782679318077,0.25,0.2318247341968405,-0.01817526580315953,5,2.9590441732891266,-2.0409558267108734,1.5,1.1091400983523918,-0.3908599016476082,0.8,0.5202567605465612,-0.2797432394534388,1.263035261656194,0.669616660883011,-0.12302845716141649,-1.7925821305300955,1.0925821305300958,1.0925821305300958,NA,ok,CONVERGENCE: REL_REDUCTION_OF_F <= FACTR*EPSMCH,887.866091;887.864373;887.865883;887.863675;887.868956;887.863691;887.902865;887.881421;Inf;887.90504;887.867122;887.882805;887.864701
grid_n1500_esn_r000_etaSrawm03_etaYrawp03_tau04_selMODERATE,grid_n1500,ESN,99,1500,MODERATE,155,0.10333333333333332,0.6284038542103059,0.6436490716709108,-0.01524521746060492,-849.5379519036928,1721.0759038073857,1779.521328065379,11,TRUE,TRUE,0,1,39900.935000000005,4,3,0,-0.3,0.3,-0.3,0.3,0.4,0.4,NA,4.162562732128078,0.5963730640537979,-1.4925821305300957,-1.48669963828055,1.492447184738548,1.492447184738548,NA,-1.25,-0.9948183508854443,0.25518164911455565,0.0375,0.02499914070004442,-0.01250085929995557,0.25,0.2636148726872905,0.0136148726872905,5,5.672338780051095,0.6723387800510947,1.5,1.4213424434930322,-0.07865755650696782,0.8,0.8893515963001483,0.08935159630014822,1.1625627321280776,0.5963730640537979,-1.1925821305300957,-1.78669963828055,1.092447184738548,1.092447184738548,NA,ok,CONVERGENCE: REL_REDUCTION_OF_F <= FACTR*EPSMCH,849.537952;849.539689;849.541616;849.540529;849.541285;849.550041;849.538567;849.544828;849.540913;849.551046;849.547952;849.54807;849.539737
grid_n1500_esn_r000_etaSrawm03_etaYrawp03_tau04_selMODERATE,grid_n1500,ESN,100,1500,MODERATE,168,0.112,0.6366723259762309,0.6436490716709108,-0.00697674569467987,-915.5722414529806,1853.1444829059612,1911.5899071639544,11,TRUE,TRUE,0,8,27660.069,4,3,0,-0.3,0.3,-0.3,0.3,0.4,0.4,NA,2.8004123709419617,-0.2974504645983211,1.4925821305300957,-0.04400364971690645,-0.8877211617792136,-0.8877211617792136,NA,-1.25,-2.014076154777031,-0.764076154777031,0.0375,0.02311318038519273,-0.01438681961480726,0.25,0.35151213306573104,0.10151213306573104,5,7.46982474756359,2.4698247475635897,1.5,1.4114763133467108,-0.08852368665328925,0.8,0.7533383484496393,-0.04666165155036073,-0.19958762905803829,-0.2974504645983211,1.7925821305300955,-0.34400364971690645,-1.2877211617792137,-1.2877211617792137,NA,ok,CONVERGENCE: REL_REDUCTION_OF_F <= FACTR*EPSMCH,915.614593;915.611823;915.610573;915.60978;915.577078;915.609781;915.609691;915.572241;915.62522;915.61286;915.594724;915.609797;915.615728
